Workbook

Sheet README
A1: RAMANADHAPURAM — First Floor Parametric Modelling Table
A2: Purpose: one row per item of the rev 3 luxury furnishing table (259 items, 14 spaces). A parametric script reads the Items + Placements sheets and calls the generator named for each family to build the mesh, then places every instance.
A4: UNITS & AXES
A5: All dimensions and positions in millimetres. X/Y = plan coordinates on the same grid as the ground floor (origin = building bottom-left outer corner, X east, Y north).
A6: Z is measured from the first-floor finished floor level (FFL = 0). Assumption: FF FFL = +3348 mm above GF FFL (top of the 300 mm GF roof slab); add the screed / finish build-up in the script (FFL_OFFSET).
A7: Rot_Z_deg: rotation of the item about Z so its front faces the listed direction. Convention: local front = +Y; N = 0°, W = 90°, S = 180°, E = 270°. "—" = symmetric / no front.
A8: Pivot rule (UE ready): floor items = bottom-centre; wall items = back-centre on the wall face; ceiling items = top-centre at the mount point; room-wide finishes = room polygon.
A10: SHEETS
A11: Items — 259 rows, exact rev 3 wording, family, generator, size, parameters (JSON), materials, position, orientation, detailed build description, UE naming, Nanite / LOD guidance.
A12: Placements — one row per placed instance (items with pairs/sets have several rows) with its own centre and footprint; the script loops this sheet to place meshes.
A13: Families — the parametric family library: generator function, host type, default height, default parameters (JSON) and the construction recipe. "Items using" is a live COUNTIF.
A14: Materials — M_ material library with base colour, roughness, metallic and texture notes. "Used by items" is a live COUNTIF.
... A29: Items & wording: RMD_FF_Unified_Furnishing_Table_rev3_Luxury.pdf · positions & footprints: RMD_FF_Furnishing_Layout_Set_rev2.pdf (plan traced from the client screenshot, ±20 mm). Heights and parameter defaults are design assumptions — adjust in blue cells.

Sheet Summary
A1: Space | B1: Furniture | C1: Décor | D1: Finish | E1: Lighting / textile | F1: Total (live) | G1: Rev 3 table items | H1: Check
A2: Upper lounge | B2: =COUNTIFS(Items!$B:$B,$A2,Items!$C:$C,"Furniture") -> 8 | C2: =COUNTIFS(Items!$B:$B,$A2,Items!$C:$C,"Décor") -> 7 | D2: =COUNTIFS(Items!$B:$B,$A2,Items!$C:$C,"Finish") -> 6 | E2: =COUNTIFS(Items!$B:$B,$A2,Items!$C:$C,"Lighting / textile") -> 7 | F2: =SUM(B2:E2) -> 28 | G2: 28 | H2: =IF(F2=G2,"OK","MISMATCH") -> OK
A3: Void over GF lounge | B3: =COUNTIFS(Items!$B:$B,$A3,Items!$C:$C,"Furniture") -> 1 | C3: =COUNTIFS(Items!$B:$B,$A3,Items!$C:$C,"Décor") -> 2 | D3: =COUNTIFS(Items!$B:$B,$A3,Items!$C:$C,"Finish") -> 2 | E3: =COUNTIFS(Items!$B:$B,$A3,Items!$C:$C,"Lighting / textile") -> 3 | F3: =SUM(B3:E3) -> 8 | G3: 8 | H3: =IF(F3=G3,"OK","MISMATCH") -> OK
A4: Master bedroom | B4: =COUNTIFS(Items!$B:$B,$A4,Items!$C:$C,"Furniture") -> 7 | C4: =COUNTIFS(Items!$B:$B,$A4,Items!$C:$C,"Décor") -> 7 | D4: =COUNTIFS(Items!$B:$B,$A4,Items!$C:$C,"Finish") -> 5 | E4: =COUNTIFS(Items!$B:$B,$A4,Items!$C:$C,"Lighting / textile") -> 8 | F4: =SUM(B4:E4) -> 27 | G4: 27 | H4: =IF(F4=G4,"OK","MISMATCH") -> OK
A5: Master walk-in wardrobe | B5: =COUNTIFS(Items!$B:$B,$A5,Items!$C:$C,"Furniture") -> 8 | C5: =COUNTIFS(Items!$B:$B,$A5,Items!$C:$C,"Décor") -> 5 | D5: =COUNTIFS(Items!$B:$B,$A5,Items!$C:$C,"Finish") -> 4 | E5: =COUNTIFS(Items!$B:$B,$A5,Items!$C:$C,"Lighting / textile") -> 4 | F5: =SUM(B5:E5) -> 21 | G5: 21 | H5: =IF(F5=G5,"OK","MISMATCH") -> OK
A6: Master toilet | B6: =COUNTIFS(Items!$B:$B,$A6,Items!$C:$C,"Furniture") -> 7 | C6: =COUNTIFS(Items!$B:$B,$A6,Items!$C:$C,"Décor") -> 6 | D6: =COUNTIFS(Items!$B:$B,$A6,Items!$C:$C,"Finish") -> 4 | E6: =COUNTIFS(Items!$B:$B,$A6,Items!$C:$C,"Lighting / textile") -> 7 | F6: =SUM(B6:E6) -> 24 | G6: 24 | H6: =IF(F6=G6,"OK","MISMATCH") -> OK
A7: Bedroom-1 | B7: =COUNTIFS(Items!$B:$B,$A7,Items!$C:$C,"Furniture") -> 8 | C7: =COUNTIFS(Items!$B:$B,$A7,Items!$C:$C,"Décor") -> 5 | D7: =COUNTIFS(Items!$B:$B,$A7,Items!$C:$C,"Finish") -> 4 | E7: =COUNTIFS(Items!$B:$B,$A7,Items!$C:$C,"Lighting / textile") -> 7 | F7: =SUM(B7:E7) -> 24 | G7: 24 | H7: =IF(F7=G7,"OK","MISMATCH") -> OK
A8: Bedroom-1 walk-in wardrobe | B8: =COUNTIFS(Items!$B:$B,$A8,Items!$C:$C,"Furniture") -> 5 | C8: =COUNTIFS(Items!$B:$B,$A8,Items!$C:$C,"Décor") -> 3 | D8: =COUNTIFS(Items!$B:$B,$A8,Items!$C:$C,"Finish") -> 3 | E8: =COUNTIFS(Items!$B:$B,$A8,Items!$C:$C,"Lighting / textile") -> 3 | F8: =SUM(B8:E8) -> 14 | G8: 14 | H8: =IF(F8=G8,"OK","MISMATCH") -> OK
A9: Bedroom-1 toilet | B9: =COUNTIFS(Items!$B:$B,$A9,Items!$C:$C,"Furniture") -> 5 | C9: =COUNTIFS(Items!$B:$B,$A9,Items!$C:$C,"Décor") -> 3 | D9: =COUNTIFS(Items!$B:$B,$A9,Items!$C:$C,"Finish") -> 4 | E9: =COUNTIFS(Items!$B:$B,$A9,Items!$C:$C,"Lighting / textile") -> 5 | F9: =SUM(B9:E9) -> 17 | G9: 17 | H9: =IF(F9=G9,"OK","MISMATCH") -> OK
A10: Bedroom-2 (+ vestibule) | B10: =COUNTIFS(Items!$B:$B,$A10,Items!$C:$C,"Furniture") -> 7 | C10: =COUNTIFS(Items!$B:$B,$A10,Items!$C:$C,"Décor") -> 4 | D10: =COUNTIFS(Items!$B:$B,$A10,Items!$C:$C,"Finish") -> 5 | E10: =COUNTIFS(Items!$B:$B,$A10,Items!$C:$C,"Lighting / textile") -> 6 | F10: =SUM(B10:E10) -> 22 | G10: 22 | H10: =IF(F10=G10,"OK","MISMATCH") -> OK
A11: Bedroom-2 toilet | B11: =COUNTIFS(Items!$B:$B,$A11,Items!$C:$C,"Furniture") -> 6 | C11: =COUNTIFS(Items!$B:$B,$A11,Items!$C:$C,"Décor") -> 6 | D11: =COUNTIFS(Items!$B:$B,$A11,Items!$C:$C,"Finish") -> 4 | E11: =COUNTIFS(Items!$B:$B,$A11,Items!$C:$C,"Lighting / textile") -> 5 | F11: =SUM(B11:E11) -> 21 | G11: 21 | H11: =IF(F11=G11,"OK","MISMATCH") -> OK
A12: Large balcony | B12: =COUNTIFS(Items!$B:$B,$A12,Items!$C:$C,"Furniture") -> 7 | C12: =COUNTIFS(Items!$B:$B,$A12,Items!$C:$C,"Décor") -> 5 | D12: =COUNTIFS(Items!$B:$B,$A12,Items!$C:$C,"Finish") -> 4 | E12: =COUNTIFS(Items!$B:$B,$A12,Items!$C:$C,"Lighting / textile") -> 6 | F12: =SUM(B12:E12) -> 22 | G12: 22 | H12: =IF(F12=G12,"OK","MISMATCH") -> OK
A13: Small balcony | B13: =COUNTIFS(Items!$B:$B,$A13,Items!$C:$C,"Furniture") -> 4 | C13: =COUNTIFS(Items!$B:$B,$A13,Items!$C:$C,"Décor") -> 3 | D13: =COUNTIFS(Items!$B:$B,$A13,Items!$C:$C,"Finish") -> 3 | E13: =COUNTIFS(Items!$B:$B,$A13,Items!$C:$C,"Lighting / textile") -> 3 | F13: =SUM(B13:E13) -> 13 | G13: 13 | H13: =IF(F13=G13,"OK","MISMATCH") -> OK
... A15: Lift lobby (in upper lounge) | B15: =COUNTIFS(Items!$B:$B,$A15,Items!$C:$C,"Furniture") -> 1 | C15: =COUNTIFS(Items!$B:$B,$A15,Items!$C:$C,"Décor") -> 3 | D15: =COUNTIFS(Items!$B:$B,$A15,Items!$C:$C,"Finish") -> 2 | E15: =COUNTIFS(Items!$B:$B,$A15,Items!$C:$C,"Lighting / textile") -> 2 | F15: =SUM(B15:E15) -> 8 | G15: 8 | H15: =IF(F15=G15,"OK","MISMATCH") -> OK
A16: TOTAL | B16: =SUM(B2:B15) -> 76 | C16: =SUM(C2:C15) -> 62 | D16: =SUM(D2:D15) -> 53 | E16: =SUM(E2:E15) -> 68 | F16: =SUM(F2:F15) -> 259 | G16: =SUM(G2:G15) -> 259 | H16: =IF(F16=G16,"OK","MISMATCH") -> OK
A18: Instances to place (Placements sheet) | B18: =COUNTA(Placements!A:A)-1 -> 291
A19: Unique mesh assets to build | B19: 181 | C19: (distinct Mesh_Asset values — identical items share one mesh)
A21: "Rev 3 table items" = item count per space in RMD_FF_Unified_Furnishing_Table_rev3_Luxury.pdf (source of truth).

Sheet Items
A1: Item_Code | B1: Space | C1: Category | D1: Item (rev 3 wording) | E1: Family | F1: Generator | G1: Host | H1: Qty | I1: L_mm | J1: W_mm | K1: H_mm | L1: Pos_X_mm | M1: Pos_Y_mm | N1: Pos_Z_mm | O1: Rot_Z_deg | P1: Faces | Q1: Params_JSON | R1: Material_Slots | S1: Detailed_Description | T1: Mesh_Asset | U1: UE_Name | V1: Nanite | W1: LOD_Target | X1: Fit_Note
A2: UL-01 | B2: Upper lounge | C2: Furniture | D2: Pair of bouclé swivel barrel chairs | E2: CHAIR_BARREL_SWIVEL | F2: gen_chair_barrel | G2: floor | H2: 2 | I2: 820 | J2: 820 | K2: 760 | L2: 7550 | M2: 5750 | N2: 0 | O2: 90 | P2: W | Q2: {"seat_h": 420, "back_h": 760, "shell_t": 90, "base": "swivel disc Ø450", "channels": 0} | R2: M_Boucle_Grey | S2: Pair of bouclé swivel barrel chairs. Build: Lathe-swept barrel shell (260° wrap) solidified 90 mm, loose seat cushion, concealed swivel disc base; subdivision level 2. Size: Ø820 × H 760 mm; 2 instance(s); floor-standing. Materials: M_Boucle_Grey. | T2: SM_FF_CHAIR_BARREL_SWIVEL_820x820x760 | U2: SM_FF_UL_01 | V2: Yes | W2: 20–60k tris (hero)
A3: UL-02 | B3: Upper lounge | C3: Furniture | D3: Round travertine coffee table Ø700 | E3: TABLE_ROUND | F3: gen_table_round | G3: floor | H3: 1 | I3: 700 | J3: 700 | K3: 400 | L3: 6750 | M3: 6300 | N3: 0 | O3: 0 | P3: — | Q3: {"top_t": 40, "base": "travertine drum", "edge": "eased 6"} | R3: M_Travertine | S3: Round travertine coffee table Ø700. Build: Round top with eased edge on a drum or pedestal base; stone/travertine material with honed finish. Size: Ø700 × H 400 mm; 1 instance(s); floor-standing. Materials: M_Travertine. | T3: SM_FF_TABLE_ROUND_700x700x400 | U3: SM_FF_UL_02 | V3: Yes | W3: 20–60k tris (hero)
A4: UL-03 | B4: Upper lounge | C4: Furniture | D4: Walnut console 1500×350 with solid-brass inlay | E4: CONSOLE | F4: gen_console | G4: floor | H4: 1 | I4: 1500 | J4: 350 | K4: 800 | L4: 8470 | M4: 8102 | N4: 0 | O4: 0 | P4: — | Q4: {"top_t": 40, "leg": "panel", "inlay": "solid brass", "drawer_count": 0} | R4: M_Walnut, M_Brass_Brushed | S4: Walnut console 1500×350 with solid-brass inlay. Build: Wall console: top slab + side panels or brass legs; optional solid-brass inlay strip routed 6 mm into the top; 20 mm wall stand-off. Size: 1500 × 350 × H 800 mm; 1 instance(s); floor-standing. Materials: M_Walnut, M_Brass_Brushed. | T4: SM_FF_CONSOLE_1500x350x800 | U4: SM_FF_UL_03 | V4: Yes | W4: 20–60k tris (hero)
A5: UL-04 | B5: Upper lounge | C5: Furniture | D5: Low walnut bookshelf 1800×350 with bronze-framed glass ends | E5: BOOKSHELF_LOW | F5: gen_bookshelf | G5: floor | H5: 1 | I5: 1400 | J5: 350 | K5: 900 | L5: 8540 | M5: 4734 | N5: 0 | O5: 0 | P5: — | Q5: {"shelves": 2, "bay_w": 480, "end_panels": "bronze-framed glass", "plinth": 60} | R5: M_Walnut, M_Bronze_Dark, M_Glass_LowIron | S5: Low walnut bookshelf 1800×350 with bronze-framed glass ends. Build: Low walnut shelving: carcass 25 mm, adjustable shelves, bronze-framed glass end panels, recessed plinth. Size: 1400 × 350 × H 900 mm; 1 instance(s); floor-standing. Materials: M_Walnut, M_Bronze_Dark, M_Glass_LowIron. Fit note: fitted at 1450 — full length of the solid wall. | T5: SM_FF_BOOKSHELF_LOW_1400x350x900 | U5: SM_FF_UL_04 | V5: No | W5: 20–60k tris (hero) | X5: fitted at 1450 — full length of the solid wall
A6: UL-05 | B6: Upper lounge | C6: Furniture | D6: Cream velvet loveseat 1600×850 | E6: SOFA_LOVESEAT | F6: gen_sofa | G6: floor | H6: 1 | I6: 1600 | J6: 850 | K6: 780 | L6: 5575 | M6: 6300 | N6: 0 | O6: 270 | P6: E | Q6: {"seat_h": 440, "seat_cushions": 2, "back_cushions": 2, "arm_w": 180, "plinth_inset": 60, "piping": true, "crown": 22, "back_tilt_deg": 12, "gap": 4} | R6: M_Velvet_Cream | S6: Cream velvet loveseat 1600×850. Build: Same build as the GF sectional: recessed dark-bronze plinth, upholstered deck, frame with rolled top, crowned piped seat cushions, loose back cushions tilted 12°, 4 mm slot gaps, modifiers baked. Size: 1600 × 850 × H 780 mm; 1 instance(s); floor-standing. Materials: M_Velvet_Cream. Fit note: faces the void (keeps the vestibule door clear). | T6: SM_FF_SOFA_LOVESEAT_1600x850x780 | U6: SM_FF_UL_05 | V6: Yes | W6: 20–60k tris (hero) | X6: faces the void (keeps the vestibule door clear)
A7: UL-06 | B7: Upper lounge | C7: Furniture | D7: Walnut drum side tables ×2 Ø450 with marble tops | E7: TABLE_DRUM | F7: gen_table_drum | G7: floor | H7: 2 | I7: 450 | J7: 450 | K7: 500 | L7: 5575 | M7: 5230 | N7: 0 | O7: 0 | P7: — | Q7: {"top_t": 20, "body": "walnut drum", "top_inset": 0} | R7: M_Walnut, M_Marble_Calacatta | S7: Walnut drum side tables ×2 Ø450 with marble tops. Build: Cylindrical walnut drum body (vertical grain), marble top slab 20 mm with 2 mm bevel. Size: Ø450 × H 500 mm; 2 instance(s); floor-standing. Materials: M_Walnut, M_Marble_Calacatta. | T7: SM_FF_TABLE_DRUM_450x450x500 | U7: SM_FF_UL_06 | V7: Yes | W7: 20–60k tris (hero)
A8: UL-07 | B8: Upper lounge | C8: Furniture | D8: Pair of bouclé poufs Ø450 | E8: POUF_ROUND | F8: gen_pouf | G8: floor | H8: 2 | I8: 450 | J8: 450 | K8: 420 | L8: 8150 | M8: 7680 | N8: 0 | O8: 0 | P8: — | Q8: {"bevel": 60, "fabric": "boucle"} | R8: M_Boucle_Grey | S8: Pair of bouclé poufs Ø450. Build: Cylindrical pouf with large bevel (60) and subdivision, bouclé normal detail. Size: Ø450 × H 420 mm; 2 instance(s); floor-standing. Materials: M_Boucle_Grey. Fit note: tucked at the console. | T8: SM_FF_POUF_ROUND_450x450x420 | U8: SM_FF_UL_07 | V8: Yes | W8: 20–60k tris (hero) | X8: tucked at the console
A9: UL-08 | B9: Upper lounge | C9: Furniture | D9: Olive tree 1.8 m in a hand-finished stone planter | E9: PLANTER_TREE | F9: gen_planter_tree | G9: floor | H9: 1 | I9: 600 | J9: 600 | K9: 1800 | L9: 8900 | M9: 5600 | N9: 0 | O9: 0 | P9: — | Q9: {"pot_h": 600, "species": "olive", "crown_density": "high", "trim_to_room": true} | R9: M_Travertine, M_Foliage_Olive | S9: Olive tree 1.8 m in a hand-finished stone planter. Build: Stone planter (tapered cylinder) + branch generator (depth 4–5) with olive leaf cards; geometry trimmed 15 mm off walls / 2.70 m ceiling (same as GF QC). Size: Ø600 × H 1800 mm; 1 instance(s); floor-standing. Materials: M_Travertine, M_Foliage_Olive. | T9: SM_FF_PLANTER_TREE_600x600x1800 | U9: SM_FF_UL_08 | V9: No | W9: 20–60k tris (hero)
A10: UL-09 | B10: Upper lounge | C10: Décor | D10: Abstract art above the console | E10: ART_FRAME | F10: gen_art | G10: wall | H10: 1 | I10: 1100 | J10: 40 | K10: 800 | L10: 8470 | M10: 8258 | N10: 1100 | O10: 180 | P10: S | Q10: {"frame_w": 30, "frame_d": 40, "canvas_inset": 5, "image": "natural abstract", "centre_h": 1500} | S10: Abstract art above the console. Build: Framed artwork: walnut frame, canvas plane with image texture slot; wall stand-off 2 mm. Size: 1100 × 40 × H 800 mm; 1 instance(s); wall-mounted, faces S. Materials: per family default. | T10: SM_FF_ART_FRAME_1100x40x800 | U10: SM_FF_UL_09 | V10: Yes | W10: 1–8k tris
A11: UL-10 | B11: Upper lounge | C11: Décor | D11: Sculptural vase | E11: ACCESSORY | F11: gen_accessory | G11: host | H11: 1 | I11: 250 | J11: 250 | K11: 150 | L11: 8000 | M11: 8100 | N11: auto (drop onto host) | O11: 0 | P11: — | Q11: {"type": "vase", "scatter_on": "host top"} | R11: M_Ceramic_Matte | S11: Sculptural vase. Build: Small décor generated from the accessory kit (vase, tray, books, bowl, candles, diffuser, towels…) and dropped onto the host surface at the marked point. Size: 250 × 250 × H 150 mm; 1 instance(s); placed on its host surface. Materials: M_Ceramic_Matte. | T11: SM_FF_ACCESSORY_250x250x150 | U11: SM_FF_UL_10 | V11: Yes | W11: 1–8k tris
A12: UL-11 | B12: Upper lounge | C12: Décor | D12: Coffee-table books | E12: ACCESSORY | F12: gen_accessory | G12: host | H12: 1 | I12: 250 | J12: 250 | K12: 150 | L12: 6600 | M12: 6150 | N12: auto (drop onto host) | O12: 0 | P12: — | Q12: {"type": "books", "scatter_on": "host top"} | S12: Coffee-table books. Build: Small décor generated from the accessory kit (vase, tray, books, bowl, candles, diffuser, towels…) and dropped onto the host surface at the marked point. Size: 250 × 250 × H 150 mm; 1 instance(s); placed on its host surface. Materials: per family default. | T12: SM_FF_ACCESSORY_250x250x150 | U12: SM_FF_UL_11 | V12: Yes | W12: 1–8k tris
A13: UL-12 | B13: Upper lounge | C13: Décor | D13: Gallery wall of 4 limited-edition prints in walnut frames | E13: ART_FRAME | F13: gen_art | G13: wall | H13: 4 | I13: 1280 | J13: 40 | K13: 900 | L13: 8540 | M13: 4580 | N13: 1050 | O13: 0 | P13: N | Q13: {"frame_w": 30, "frame_d": 40, "canvas_inset": 5, "image": "natural abstract", "centre_h": 1500} | R13: M_Walnut | S13: Gallery wall of 4 limited-edition prints in walnut frames. Build: Framed artwork: walnut frame, canvas plane with image texture slot; wall stand-off 2 mm. Size: 1280 × 40 × H 900 mm; 4 instance(s); wall-mounted, faces N. Materials: M_Walnut. | T13: SM_FF_ART_FRAME_1280x40x900 | U13: SM_FF_UL_12 | V13: Yes | W13: 1–8k tris
A14: UL-13 | B14: Upper lounge | C14: Décor | D14: Curated ceramics on the shelves | E14: ACCESSORY | F14: gen_accessory | G14: host | H14: 1 | I14: 250 | J14: 250 | K14: 150 | L14: 8540 | M14: 4734 | N14: auto (drop onto host) | O14: 0 | P14: — | Q14: {"type": "ceramics", "scatter_on": "host top"} | R14: M_Ceramic_Matte | S14: Curated ceramics on the shelves. Build: Small décor generated from the accessory kit (vase, tray, books, bowl, candles, diffuser, towels…) and dropped onto the host surface at the marked point. Size: 250 × 250 × H 150 mm; 1 instance(s); placed on its host surface. Materials: M_Ceramic_Matte. | T14: SM_FF_ACCESSORY_250x250x150 | U14: SM_FF_UL_13 | V14: Yes | W14: 1–8k tris
A15: UL-14 | B15: Upper lounge | C15: Décor | D15: Brass tray with candles | E15: ACCESSORY | F15: gen_accessory | G15: host | H15: 1 | I15: 250 | J15: 250 | K15: 150 | L15: 6900 | M15: 6420 | N15: auto (drop onto host) | O15: 0 | P15: — | Q15: {"type": "tray + candles", "scatter_on": "host top"} | R15: M_Brass_Brushed | S15: Brass tray with candles. Build: Small décor generated from the accessory kit (vase, tray, books, bowl, candles, diffuser, towels…) and dropped onto the host surface at the marked point. Size: 250 × 250 × H 150 mm; 1 instance(s); placed on its host surface. Materials: M_Brass_Brushed. | T15: SM_FF_ACCESSORY_250x250x150 | U15: SM_FF_UL_14 | V15: Yes | W15: 1–8k tris
A16: UL-15 | B16: Upper lounge | C16: Décor | D16: Travertine bowl | E16: ACCESSORY | F16: gen_accessory | G16: host | H16: 1 | I16: 250 | J16: 250 | K16: 150 | L16: 9050 | M16: 8100 | N16: auto (drop onto host) | O16: 0 | P16: — | Q16: {"type": "bowl", "scatter_on": "host top"} | R16: M_Travertine | S16: Travertine bowl. Build: Small décor generated from the accessory kit (vase, tray, books, bowl, candles, diffuser, towels…) and dropped onto the host surface at the marked point. Size: 250 × 250 × H 150 mm; 1 instance(s); placed on its host surface. Materials: M_Travertine. | T16: SM_FF_ACCESSORY_250x250x150 | U16: SM_FF_UL_15 | V16: Yes | W16: 1–8k tris
A17: UL-16 | B17: Upper lounge | C17: Finish | D17: White ogee panels | E17: WALL_PANEL_OGEE | F17: gen_ogee_panels | G17: wall | H17: 1 | I17: 5049 | J17: 3718 | K17: 2550 | L17: 6762 | M17: 6418 | N17: 0 | O17: 0 | P17: — | Q17: {"profile": "40×20 ogee", "dado_h": 880, "skirting_h": 120, "cornice_h": 150, "panel_w": "auto 600–900"} | R17: M_Paint_WarmWhite | S17: White ogee panels. Build: Ogee picture-frame moulding system (same profile as GF dining) laid out per wall face with skirting, dado and cornice. Size: room 5049 × 3718 × H 2550 mm; 1 instance(s); wall-mounted, faces —. Materials: M_Paint_WarmWhite. | T17: SM_FF_UL_WALL_PANEL_OGEE | U17: SM_FF_UL_16 | V17: Yes | W17: procedural / per-room
A18: UL-17 | B18: Upper lounge | C18: Finish | D18: Honed Italian light-stone floor | E18: FINISH_FLOOR | F18: gen_floor_finish | G18: room | H18: 1 | I18: 5049 | J18: 3718 | K18: 15 | L18: 6762 | M18: 6418 | N18: 0 | O18: 0 | P18: — | Q18: {"pattern": "honed stone 1200×600", "grout": 2} | R18: M_Stone_LightHoned, M_Travertine | S18: Honed Italian light-stone floor. Build: Room-polygon floor finish (herringbone / large-format stone / deck boards) with pattern-aware UVs. Size: room 5049 × 3718 × H 15 mm; 1 instance(s); applied to the whole room. Materials: M_Stone_LightHoned, M_Travertine. | T18: SM_FF_UL_FINISH_FLOOR | U18: SM_FF_UL_17 | V18: Yes | W18: procedural / per-room
A19: UL-18 | B19: Upper lounge | C19: Finish | D19: Glass balustrade with dark-bronze cap | E19: BALUSTRADE_GLASS | F19: gen_balustrade | G19: floor | H19: 1 | I19: 3718 | J19: 35 | K19: 1100 | L19: 9282 | M19: 6418 | N19: 0 | O19: 90 | P19: W | Q19: {"glass": "low-iron 13.5 laminated", "cap": "dark bronze", "clamp": "bronze"} | R19: M_Bronze_Dark, M_Glass_LowIron | S19: Glass balustrade with dark-bronze cap. Build: Frameless glass balustrade with bronze cap rail/handrail and clamps. Size: 3718 × 35 × H 1100 mm; 1 instance(s); floor-standing. Materials: M_Bronze_Dark, M_Glass_LowIron. | T19: SM_FF_BALUSTRADE_GLASS_3720x40x1100 | U19: SM_FF_UL_18 | V19: No | W19: procedural / per-room
A20: UL-19 | B20: Upper lounge | C20: Finish | D20: Walnut slatted feature panel | E20: WALL_FEATURE_PANEL | F20: gen_feature_panel | G20: wall | H20: 1 | I20: 1637 | J20: 27 | K20: 2700 | L20: 8468 | M20: 8264 | N20: 0 | O20: 180 | P20: S | Q20: {"type": "walnut slats", "module": 60, "depth": 40} | R20: M_Walnut | S20: Walnut slatted feature panel. Build: Feature wall panel: walnut slats (module 60 / gap 15), fluted walnut, upholstered fabric panels or marble slabs with bronze trims. Size: 1637 × 27 × H 2700 mm; 1 instance(s); wall-mounted, faces S. Materials: M_Walnut. | T20: SM_FF_WALL_FEATURE_PANEL_1640x30x2700 | U20: SM_FF_UL_19 | V20: Yes | W20: procedural / per-room
A21: UL-20 | B21: Upper lounge | C21: Finish | D21: Tray ceiling with stepped cornice | E21: CEILING_TRAY | F21: gen_ceiling_tray | G21: ceiling | H21: 1 | I21: 3200 | J21: 2350 | K21: 200 | L21: 6700 | M21: 6325 | N21: 2950 | O21: 0 | P21: — | Q21: {"inset": 400, "steps": 2, "cove_led": true, "ceiling_h": 2750, "tray_h": 2950} | R21: M_Paint_WarmWhite | S21: Tray ceiling with stepped cornice. Build: Stepped tray ceiling with cornice and concealed LED cove (2700 K). Size: 3200 × 2350 × H 200 mm; 1 instance(s); ceiling-hung / recessed. Materials: M_Paint_WarmWhite. | T21: SM_FF_UL_CEILING_TRAY | U21: SM_FF_UL_20 | V21: Yes | W21: procedural / per-room
A22: UL-21 | B22: Upper lounge | C22: Finish | D22: Brass inlay strip at the void edge | E22: INLAY_STRIP | F22: gen_inlay | G22: floor | H22: 1 | I22: 3718 | J22: 32 | K22: 5 | L22: 9246 | M22: 6418 | N22: 0 | O22: 90 | P22: W | Q22: {"width": 20, "material": "brass"} | R22: M_Brass_Brushed | S22: Brass inlay strip at the void edge. Build: Metal/stone strip inlaid flush in the floor or nosing at an edge. Size: 3718 × 32 × H 5 mm; 1 instance(s); floor-standing. Materials: M_Brass_Brushed. | T22: SM_FF_INLAY_STRIP_3720x30x5 | U22: SM_FF_UL_21 | V22: Yes | W22: procedural / per-room
A23: UL-22 | B23: Upper lounge | C23: Lighting / textile | D23: Sculptural brass chandelier Ø900 with concealed LED cove (dimmable scenes) | E23: LIGHT_CHANDELIER | F23: gen_chandelier | G23: ceiling | H23: 1 | I23: 900 | J23: 900 | K23: 600 | L23: 6750 | M23: 6300 | N23: 2750 | O23: 0 | P23: — | Q23: {"style": "sculptural brass Ø900", "drop_to_bottom_mm": 2200, "lumens": 3000} | R23: M_Brass_Brushed | S23: Sculptural brass chandelier Ø900 with concealed LED cove (dimmable scenes). Build: Ceiling-hung fixture with canopy, rod/cables and emissive parts + UE point/spot lights. Size: Ø900 × H 600 mm; 1 instance(s); ceiling-hung / recessed. Materials: M_Brass_Brushed. | T23: SM_FF_LIGHT_CHANDELIER_900x900x600 | U23: SM_FF_UL_22 | V23: Yes | W23: 2–15k tris
A24: UL-23 | B24: Upper lounge | C24: Lighting / textile | D24: Brass floor reading lamp | E24: LIGHT_FLOOR_LAMP | F24: gen_floor_lamp | G24: floor | H24: 1 | I24: 350 | J24: 350 | K24: 1500 | L24: 5450 | M24: 7700 | N24: 0 | O24: 0 | P24: — | Q24: {"style": "brass reading"} | R24: M_Brass_Brushed | S24: Brass floor reading lamp. Build: Brass floor lamp: weighted base, stem, conical shade. Size: Ø350 × H 1500 mm; 1 instance(s); floor-standing. Materials: M_Brass_Brushed. | T24: SM_FF_LIGHT_FLOOR_LAMP_350x350x1500 | U24: SM_FF_UL_23 | V24: Yes | W24: 2–15k tris
A25: UL-24 | B25: Upper lounge | C25: Lighting / textile | D25: Disc sconces ×2 | E25: LIGHT_SCONCE | F25: gen_sconce | G25: wall | H25: 2 | I25: 200 | J25: 200 | K25: 200 | L25: 7690 | M25: 8170 | N25: 1500 | O25: 0 | P25: — | Q25: {"style": "disc", "centre_h": 1600} | S25: Disc sconces ×2. Build: Wall sconce with back plate, emissive diffuser + UE light. Size: Ø200 × H 200 mm; 2 instance(s); wall-mounted, faces —. Materials: per family default. | T25: SM_FF_LIGHT_SCONCE_200x200x200 | U25: SM_FF_UL_24 | V25: Yes | W25: 2–15k tris
A26: UL-25 | B26: Upper lounge | C26: Lighting / textile | D26: Picture light | E26: LIGHT_SPOT | F26: gen_spot | G26: ceiling | H26: 1 | I26: 700 | J26: 40 | K26: 80 | L26: 8550 | M26: 4620 | N26: 2750 | O26: 0 | P26: N | Q26: {"beam_deg": 40, "type": "picture light"} | R26: M_Brass_Brushed | S26: Picture light. Build: Recessed downlight / uplight / picture light / niche light. Size: 700 × 40 × H 80 mm; 1 instance(s); ceiling-hung / recessed. Materials: M_Brass_Brushed. | T26: SM_FF_LIGHT_SPOT_700x40x80 | U26: SM_FF_UL_25 | V26: Yes | W26: 2–15k tris
A27: UL-26 | B27: Upper lounge | C27: Lighting / textile | D27: Hand-knotted wool-silk rug 2400×1700 | E27: RUG | F27: gen_rug | G27: floor | H27: 1 | I27: 2400 | J27: 1700 | K27: 12 | L27: 6750 | M27: 6300 | N27: 0 | O27: 0 | P27: — | Q27: {"pile": "low", "edge_bevel": 5, "pattern": "hand-knotted wool-silk"} | R27: M_Wool_Rug | S27: Hand-knotted wool-silk rug 2400×1700. Build: Rug slab with bevelled edge; shag variant uses displaced grid; hand-knotted pattern texture slot. Size: 2400 × 1700 × H 12 mm; 1 instance(s); floor-standing. Materials: M_Wool_Rug. | T27: SM_FF_RUG_2400x1700x12 | U27: SM_FF_UL_26 | V27: Yes | W27: 2–15k tris
A28: UL-27 | B28: Upper lounge | C28: Lighting / textile | D28: Velvet cushions in charcoal and pale grey | E28: SOFT_SET | F28: gen_soft_set | G28: host | H28: 1 | I28: 250 | J28: 250 | K28: 150 | L28: 5400 | M28: 6200 | N28: auto (drop onto host) | O28: 0 | P28: — | Q28: {"items": "cushion"} | R28: M_Velvet_Cream, M_Velvet_Charcoal | S28: Velvet cushions in charcoal and pale grey. Build: Cushions / throws / bed runner / towels / bath mat generated from the soft-furnishing kit onto the host. Size: 250 × 250 × H 150 mm; 1 instance(s); placed on its host surface. Materials: M_Velvet_Cream, M_Velvet_Charcoal. | T28: SM_FF_SOFT_SET_250x250x150 | U28: SM_FF_UL_27 | V28: Yes | W28: 2–15k tris
A29: UL-28 | B29: Upper lounge | C29: Lighting / textile | D29: Bouclé throw | E29: SOFT_SET | F29: gen_soft_set | G29: host | H29: 1 | I29: 250 | J29: 250 | K29: 150 | L29: 5400 | M29: 6900 | N29: auto (drop onto host) | O29: 0 | P29: — | Q29: {"items": "throw"} | R29: M_Boucle_Grey | S29: Bouclé throw. Build: Cushions / throws / bed runner / towels / bath mat generated from the soft-furnishing kit onto the host. Size: 250 × 250 × H 150 mm; 1 instance(s); placed on its host surface. Materials: M_Boucle_Grey. | T29: SM_FF_SOFT_SET_250x250x150 | U29: SM_FF_UL_28 | V29: Yes | W29: 2–15k tris
A30: VO-01 | B30: Void over GF lounge | C30: Furniture | D30: Low honed-stone planter trough 1500×250 at the balustrade corner | E30: PLANTER_TROUGH | F30: gen_trough | G30: floor | H30: 1 | I30: 1500 | J30: 250 | K30: 400 | L30: 9162 | M30: 7050 | N30: 0 | O30: 90 | P30: — | Q30: {"wall_t": 30, "plants": "trailing"} | R30: M_Travertine, M_Foliage_Olive | S30: Low honed-stone planter trough 1500×250 at the balustrade corner. Build: Honed stone trough (hollow, 30 mm walls) planted with trailing foliage cards. Size: 1500 × 250 × H 400 mm; 1 instance(s); floor-standing. Materials: M_Travertine, M_Foliage_Olive. Fit note: on the lounge side of the balustrade (the void has no floor). | T30: SM_FF_PLANTER_TROUGH_1500x250x400 | U30: SM_FF_VO_01 | V30: No | W30: 20–60k tris (hero) | X30: on the lounge side of the balustrade (the void has no floor)
A31: VO-02 | B31: Void over GF lounge | C31: Décor | D31: Overlooks the crystal ring cluster below | E31: ACCESSORY | F31: gen_accessory | G31: host | H31: 1 | I31: 1200 | J31: 1200 | K31: 150 | L31: 11350 | M31: 6400 | N31: auto (drop onto host) | O31: 0 | P31: — | Q31: {"type": "sightline marker (no geometry)", "scatter_on": "host top"} | S31: Overlooks the crystal ring cluster below. Build: Small décor generated from the accessory kit (vase, tray, books, bowl, candles, diffuser, towels…) and dropped onto the host surface at the marked point. Size: Ø1200 × H 150 mm; 1 instance(s); placed on its host surface. Materials: per family default. | T31: SM_FF_ACCESSORY_1200x1200x150 | U31: SM_FF_VO_02 | V31: No | W31: 1–8k tris
A32: VO-03 | B32: Void over GF lounge | C32: Décor | D32: Trailing plants spilling over the trough | E32: PLANT_SMALL | F32: gen_plant_small | G32: floor | H32: 1 | I32: 300 | J32: 300 | K32: 600 | L32: 9162 | M32: 7050 | N32: 0 | O32: 0 | P32: — | Q32: {"pot_d": 300, "species": "trailing"} | R32: M_Foliage_Olive | S32: Trailing plants spilling over the trough. Build: Potted plant from leaf-card kit. Size: Ø300 × H 600 mm; 1 instance(s); floor-standing. Materials: M_Foliage_Olive. | T32: SM_FF_PLANT_SMALL_300x300x600 | U32: SM_FF_VO_03 | V32: No | W32: 1–8k tris
A33: VO-04 | B33: Void over GF lounge | C33: Finish | D33: Low-iron glass balustrade with bronze handrail and clamps | E33: BALUSTRADE_GLASS | F33: gen_balustrade | G33: floor | H33: 1 | I33: 3718 | J33: 40 | K33: 1100 | L33: 9290 | M33: 6418 | N33: 0 | O33: 270 | P33: E | Q33: {"glass": "low-iron 13.5 laminated", "cap": "dark bronze", "clamp": "bronze"} | R33: M_Bronze_Dark, M_Glass_LowIron | S33: Low-iron glass balustrade with bronze handrail and clamps. Build: Frameless glass balustrade with bronze cap rail/handrail and clamps. Size: 3718 × 40 × H 1100 mm; 1 instance(s); floor-standing. Materials: M_Bronze_Dark, M_Glass_LowIron. | T33: SM_FF_BALUSTRADE_GLASS_3720x40x1100 | U33: SM_FF_VO_04 | V33: No | W33: procedural / per-room
A34: VO-05 | B34: Void over GF lounge | C34: Finish | D34: Stone nosing at the void edge | E34: INLAY_STRIP | F34: gen_inlay | G34: floor | H34: 1 | I34: 400 | J34: 37 | K34: 5 | L34: 9244 | M34: 5100 | N34: 0 | O34: 270 | P34: E | Q34: {"width": 20, "material": "stone nosing"} | R34: M_Travertine | S34: Stone nosing at the void edge. Build: Metal/stone strip inlaid flush in the floor or nosing at an edge. Size: 400 × 37 × H 5 mm; 1 instance(s); floor-standing. Materials: M_Travertine. | T34: SM_FF_INLAY_STRIP_400x40x5 | U34: SM_FF_VO_05 | V34: Yes | W34: procedural / per-room
A35: VO-06 | B35: Void over GF lounge | C35: Lighting / textile | D35: Full-height motorised silk-linen sheers on the courtyard side | E35: CURTAIN | F35: gen_curtain | G35: wall | H35: 1 | I35: 3640 | J35: 45 | K35: 6100 | L35: 12982 | M35: 6420 | N35: 0 | O35: 90 | P35: W | Q35: {"fullness": 2.2, "fold_pitch": 160, "track": "motorised ceiling", "layers": "sheer, full height"} | R35: M_Fabric_Linen | S35: Full-height motorised silk-linen sheers on the courtyard side. Build: Curtain surface swept along the track with sine folds; sheer = translucent two-sided material. Size: 3640 × 45 × H 6100 mm; 1 instance(s); wall-mounted, faces W. Materials: M_Fabric_Linen. | T35: SM_FF_CURTAIN_3640x40x6100 | U35: SM_FF_VO_06 | V35: No | W35: 2–15k tris
A36: VO-07 | B36: Void over GF lounge | C36: Lighting / textile | D36: Concealed LED under the handrail | E36: LIGHT_LED_STRIP | F36: gen_led_strip | G36: host | H36: 1 | I36: 3640 | J36: 40 | K36: 10 | L36: 9290 | M36: 6420 | N36: auto (drop onto host) | O36: 0 | P36: — | Q36: {"cct": 2700} | S36: Concealed LED under the handrail. Build: Concealed LED strip along the given line (rect light, emissive strip). Size: 3640 × 40 × H 10 mm; 1 instance(s); placed on its host surface. Materials: per family default. | T36: SM_FF_LIGHT_LED_STRIP_3640x40x10 | U36: SM_FF_VO_07 | V36: Yes | W36: 2–15k tris
A37: VO-08 | B37: Void over GF lounge | C37: Lighting / textile | D37: Uplight washing the void wall | E37: LIGHT_SPOT | F37: gen_spot | G37: ceiling | H37: 1 | I37: 250 | J37: 250 | K37: 80 | L37: 12800 | M37: 6400 | N37: 2750 | O37: 0 | P37: — | Q37: {"beam_deg": 40, "type": "uplight"} | R37: M_Brass_Brushed | S37: Uplight washing the void wall. Build: Recessed downlight / uplight / picture light / niche light. Size: Ø250 × H 80 mm; 1 instance(s); ceiling-hung / recessed. Materials: M_Brass_Brushed. | T37: SM_FF_LIGHT_SPOT_250x250x80 | U37: SM_FF_VO_08 | V37: Yes | W37: 2–15k tris
A38: MB-01 | B38: Master bedroom | C38: Furniture | D38: King bed 1829×1981 with full-height upholstered headboard wall | E38: BED_PLATFORM | F38: gen_bed | G38: floor | H38: 1 | I38: 1980 | J38: 1829 | K38: 450 | L38: 2950 | M38: 5784 | N38: 0 | O38: 90 | P38: W | Q38: {"mattress_h": 250, "base_h": 200, "base_inset": 60, "leg": "recessed plinth 60", "bevel": 15, "duvet_drape": 120} | R38: M_Velvet_Cream | S38: King bed 1829×1981 with full-height upholstered headboard wall. Build: Upholstered platform base on a recessed plinth; mattress block with 40 mm rounded edges; duvet/bed-runner layer draped 120 mm over the sides; 2–4 pillows generated from PILLOW sub-family. Headboard wall is a separate finish family. Size: 1980 × 1829 × H 450 mm; 1 instance(s); floor-standing. Materials: M_Velvet_Cream. | T38: SM_FF_BED_PLATFORM_1980x1830x450 | U38: SM_FF_MB_01 | V38: Yes | W38: 20–60k tris (hero)
A39: MB-02 | B39: Master bedroom | C39: Furniture | D39: Walnut side tables ×2 with marble tops | E39: SIDE_TABLE | F39: gen_side_table | G39: floor | H39: 2 | I39: 450 | J39: 450 | K39: 550 | L39: 3715 | M39: 4594 | N39: 0 | O39: 0 | P39: — | Q39: {"top_t": 25, "carcass": "box", "drawer_count": 1, "leg": "none", "top_material": "marble"} | R39: M_Walnut, M_Marble_Calacatta | S39: Walnut side tables ×2 with marble tops. Build: Box carcass with one drawer (3 mm shadow gap), separate stone/wood top slab with 3 mm edge bevel; optional brass legs (Ø16 tapered) when leg=brass. Size: 450 × 450 × H 550 mm; 2 instance(s); floor-standing. Materials: M_Walnut, M_Marble_Calacatta. | T39: SM_FF_SIDE_TABLE_450x450x550 | U39: SM_FF_MB_02 | V39: Yes | W39: 20–60k tris (hero)
A40: MB-03 | B40: Master bedroom | C40: Furniture | D40: 2 olive bouclé lounge chairs with bronze side table | E40: CHAIR_LOUNGE | F40: gen_chair_lounge | G40: floor | H40: 3 | I40: 760 | J40: 760 | K40: 800 | L40: 1100 | M40: 7650 | N40: 0 | O40: 180 | P40: S | Q40: {"seat_h": 400, "back_h": 800, "arm": "rounded", "leg": "tapered bronze", "leg_h": 150} | R40: M_Boucle_Olive, M_Boucle_Grey, M_Bronze_Dark, M_Foliage_Olive | S40: 2 olive bouclé lounge chairs with bronze side table. Build: Club/lounge chair: sculpted shell or box body with rounded arms, loose seat cushion, 4 tapered bronze legs fitted into a sub-frame plate (no gaps). Size: Ø760 × H 800 mm; 3 instance(s); floor-standing. Materials: M_Boucle_Olive, M_Boucle_Grey, M_Bronze_Dark, M_Foliage_Olive. Fit note: by the balcony glazing; access via the right-hand sliding panel. | T40: SM_FF_CHAIR_LOUNGE_760x760x800 | U40: SM_FF_MB_03 | V40: No | W40: 20–60k tris (hero) | X40: by the balcony glazing; access via the right-hand sliding panel
A41: MB-04 | B41: Master bedroom | C41: Furniture | D41: Velvet bench at the bed foot | E41: BENCH_UPHOLSTERED | F41: gen_bench | G41: floor | H41: 1 | I41: 1300 | J41: 450 | K41: 450 | L41: 1685 | M41: 5783 | N41: 0 | O41: 90 | P41: — | Q41: {"seat_t": 120, "leg_h": 180, "leg": "bronze sled", "piping": true} | R41: M_Velvet_Cream | S41: Velvet bench at the bed foot. Build: Upholstered seat block with piping on top edges, crowned top (+8 mm), on bronze sled legs (25×10 flat bar). Size: 1300 × 450 × H 450 mm; 1 instance(s); floor-standing. Materials: M_Velvet_Cream. | T41: SM_FF_BENCH_UPHOLSTERED_1300x450x450 | U41: SM_FF_MB_04 | V41: Yes | W41: 20–60k tris (hero)
A42: MB-05 | B42: Master bedroom | C42: Furniture | D42: TV recessed in the fluted walnut panel above a walnut console 1600×400 | E42: MEDIA_CONSOLE | F42: gen_media_console | G42: floor | H42: 1 | I42: 1600 | J42: 400 | K42: 500 | L42: 430 | M42: 5783 | N42: 0 | O42: 270 | P42: E | Q42: {"type": "floating", "fronts": "flush", "tv_size_in": 75, "tv_recess_depth": 60} | R42: M_Walnut | S42: TV recessed in the fluted walnut panel above a walnut console 1600×400. Build: Slim walnut media console (floating or on brass legs) with flush push-open fronts; TV generated as a black-glass slab recessed into the host panel. Size: 1600 × 400 × H 500 mm; 1 instance(s); floor-standing. Materials: M_Walnut. | T42: SM_FF_MEDIA_CONSOLE_1600x400x500 | U42: SM_FF_MB_05 | V42: Yes | W42: 20–60k tris (hero)
A43: MB-06 | B43: Master bedroom | C43: Furniture | D43: Leather-top walnut writing desk 1000×500 with bouclé chair | E43: DESK | F43: gen_desk | G43: floor | H43: 1 | I43: 1000 | J43: 500 | K43: 750 | L43: 2800 | M43: 4045 | N43: 0 | O43: 180 | P43: S | Q43: {"top_t": 30, "leather_inset": true, "drawer_count": 1, "leg": "panel + brass shoe"} | R43: M_Walnut, M_Boucle_Grey, M_Leather_Cognac | S43: Leather-top walnut writing desk 1000×500 with bouclé chair. Build: Writing desk: walnut/oak carcass, leather inset top (10 mm border), one pencil drawer, brass shoes on panel legs. Size: 1000 × 500 × H 750 mm; 1 instance(s); floor-standing. Materials: M_Walnut, M_Boucle_Grey, M_Leather_Cognac. Fit note: chair clear of the bed and WIW door swing. | T43: SM_FF_DESK_1000x500x750 | U43: SM_FF_MB_06 | V43: Yes | W43: 20–60k tris (hero) | X43: chair clear of the bed and WIW door swing
A44: MB-07 | B44: Master bedroom | C44: Furniture | D44: Tall olive tree in a stone planter | E44: PLANTER_TREE | F44: gen_planter_tree | G44: floor | H44: 1 | I44: 500 | J44: 500 | K44: 1600 | L44: 480 | M44: 6950 | N44: 0 | O44: 0 | P44: — | Q44: {"pot_h": 600, "species": "olive", "crown_density": "high", "trim_to_room": true} | R44: M_Travertine, M_Foliage_Olive | S44: Tall olive tree in a stone planter. Build: Stone planter (tapered cylinder) + branch generator (depth 4–5) with olive leaf cards; geometry trimmed 15 mm off walls / 2.70 m ceiling (same as GF QC). Size: Ø500 × H 1600 mm; 1 instance(s); floor-standing. Materials: M_Travertine, M_Foliage_Olive. | T44: SM_FF_PLANTER_TREE_500x500x1600 | U44: SM_FF_MB_07 | V44: No | W44: 20–60k tris (hero)
A45: MB-08 | B45: Master bedroom | C45: Décor | D45: Botanical art pair | E45: ART_FRAME | F45: gen_art | G45: wall | H45: 2 | I45: 850 | J45: 40 | K45: 600 | L45: 825 | M45: 3815 | N45: 1200 | O45: 0 | P45: N | Q45: {"frame_w": 30, "frame_d": 40, "canvas_inset": 5, "image": "natural abstract", "centre_h": 1500} | S45: Botanical art pair. Build: Framed artwork: walnut frame, canvas plane with image texture slot; wall stand-off 2 mm. Size: 850 × 40 × H 600 mm; 2 instance(s); wall-mounted, faces N. Materials: per family default. | T45: SM_FF_ART_FRAME_850x40x600 | U45: SM_FF_MB_08 | V45: Yes | W45: 1–8k tris
A46: MB-09 | B46: Master bedroom | C46: Décor | D46: Large framed abstract | E46: ART_FRAME | F46: gen_art | G46: wall | H46: 1 | I46: 900 | J46: 40 | K46: 1200 | L46: 2800 | M46: 3815 | N46: 900 | O46: 0 | P46: N | Q46: {"frame_w": 30, "frame_d": 40, "canvas_inset": 5, "image": "natural abstract", "centre_h": 1500} | S46: Large framed abstract. Build: Framed artwork: walnut frame, canvas plane with image texture slot; wall stand-off 2 mm. Size: 900 × 40 × H 1200 mm; 1 instance(s); wall-mounted, faces N. Materials: per family default. | T46: SM_FF_ART_FRAME_900x40x1200 | U46: SM_FF_MB_09 | V46: Yes | W46: 1–8k tris
A47: MB-10 | B47: Master bedroom | C47: Décor | D47: Bronze trays | E47: ACCESSORY | F47: gen_accessory | G47: host | H47: 1 | I47: 250 | J47: 250 | K47: 150 | L47: 3600 | M47: 4450 | N47: auto (drop onto host) | O47: 0 | P47: — | Q47: {"type": "tray", "scatter_on": "host top"} | R47: M_Bronze_Dark | S47: Bronze trays. Build: Small décor generated from the accessory kit (vase, tray, books, bowl, candles, diffuser, towels…) and dropped onto the host surface at the marked point. Size: 250 × 250 × H 150 mm; 1 instance(s); placed on its host surface. Materials: M_Bronze_Dark. | T47: SM_FF_ACCESSORY_250x250x150 | U47: SM_FF_MB_10 | V47: Yes | W47: 1–8k tris
A48: MB-11 | B48: Master bedroom | C48: Décor | D48: Orchid | E48: ACCESSORY | F48: gen_accessory | G48: host | H48: 1 | I48: 250 | J48: 250 | K48: 150 | L48: 3600 | M48: 7100 | N48: auto (drop onto host) | O48: 0 | P48: — | Q48: {"type": "orchid", "scatter_on": "host top"} | S48: Orchid. Build: Small décor generated from the accessory kit (vase, tray, books, bowl, candles, diffuser, towels…) and dropped onto the host surface at the marked point. Size: 250 × 250 × H 150 mm; 1 instance(s); placed on its host surface. Materials: per family default. | T48: SM_FF_ACCESSORY_250x250x150 | U48: SM_FF_MB_11 | V48: Yes | W48: 1–8k tris
A49: MB-12 | B49: Master bedroom | C49: Décor | D49: Bud vases | E49: ACCESSORY | F49: gen_accessory | G49: host | H49: 1 | I49: 250 | J49: 250 | K49: 150 | L49: 1625 | M49: 7850 | N49: auto (drop onto host) | O49: 0 | P49: — | Q49: {"type": "vase", "scatter_on": "host top"} | R49: M_Ceramic_Matte | S49: Bud vases. Build: Small décor generated from the accessory kit (vase, tray, books, bowl, candles, diffuser, towels…) and dropped onto the host surface at the marked point. Size: 250 × 250 × H 150 mm; 1 instance(s); placed on its host surface. Materials: M_Ceramic_Matte. | T49: SM_FF_ACCESSORY_250x250x150 | U49: SM_FF_MB_12 | V49: Yes | W49: 1–8k tris
A50: MB-13 | B50: Master bedroom | C50: Décor | D50: Stacked books | E50: ACCESSORY | F50: gen_accessory | G50: host | H50: 1 | I50: 250 | J50: 250 | K50: 150 | L50: 2700 | M50: 4045 | N50: auto (drop onto host) | O50: 0 | P50: — | Q50: {"type": "books", "scatter_on": "host top"} | S50: Stacked books. Build: Small décor generated from the accessory kit (vase, tray, books, bowl, candles, diffuser, towels…) and dropped onto the host surface at the marked point. Size: 250 × 250 × H 150 mm; 1 instance(s); placed on its host surface. Materials: per family default. | T50: SM_FF_ACCESSORY_250x250x150 | U50: SM_FF_MB_13 | V50: Yes | W50: 1–8k tris
A51: MB-14 | B51: Master bedroom | C51: Décor | D51: Sculptural bronze bowl | E51: ACCESSORY | F51: gen_accessory | G51: host | H51: 1 | I51: 250 | J51: 250 | K51: 150 | L51: 1685 | M51: 5783 | N51: auto (drop onto host) | O51: 0 | P51: — | Q51: {"type": "bowl", "scatter_on": "host top"} | R51: M_Bronze_Dark | S51: Sculptural bronze bowl. Build: Small décor generated from the accessory kit (vase, tray, books, bowl, candles, diffuser, towels…) and dropped onto the host surface at the marked point. Size: 250 × 250 × H 150 mm; 1 instance(s); placed on its host surface. Materials: M_Bronze_Dark. | T51: SM_FF_ACCESSORY_250x250x150 | U51: SM_FF_MB_14 | V51: Yes | W51: 1–8k tris
A52: MB-15 | B52: Master bedroom | C52: Finish | D52: Green marble panels flanking a taupe fabric headboard, bronze trims | E52: WALL_FEATURE_PANEL | F52: gen_feature_panel | G52: wall | H52: 1 | I52: 2750 | J52: 100 | K52: 2700 | L52: 3990 | M52: 5775 | N52: 0 | O52: 90 | P52: W | Q52: {"type": "upholstered taupe + green marble, bronze trims", "module": 60, "depth": 40} | R52: M_Velvet_Taupe, M_Marble_GreenVein, M_Bronze_Dark | S52: Green marble panels flanking a taupe fabric headboard, bronze trims. Build: Feature wall panel: walnut slats (module 60 / gap 15), fluted walnut, upholstered fabric panels or marble slabs with bronze trims. Size: 2750 × 100 × H 2700 mm; 1 instance(s); wall-mounted, faces W. Materials: M_Velvet_Taupe, M_Marble_GreenVein, M_Bronze_Dark. | T52: SM_FF_WALL_FEATURE_PANEL_2750x100x2700 | U52: SM_FF_MB_15 | V52: Yes | W52: procedural / per-room
A53: MB-16 | B53: Master bedroom | C53: Finish | D53: Fluted walnut TV panel | E53: WALL_FEATURE_PANEL | F53: gen_feature_panel | G53: wall | H53: 1 | I53: 2000 | J53: 40 | K53: 2700 | L53: 250 | M53: 5783 | N53: 0 | O53: 270 | P53: E | Q53: {"type": "fluted walnut", "module": 60, "depth": 40} | R53: M_Walnut | S53: Fluted walnut TV panel. Build: Feature wall panel: walnut slats (module 60 / gap 15), fluted walnut, upholstered fabric panels or marble slabs with bronze trims. Size: 2000 × 40 × H 2700 mm; 1 instance(s); wall-mounted, faces E. Materials: M_Walnut. | T53: SM_FF_WALL_FEATURE_PANEL_2000x40x2700 | U53: SM_FF_MB_16 | V53: Yes | W53: procedural / per-room
A54: MB-17 | B54: Master bedroom | C54: Finish | D54: Tray ceiling with cove | E54: CEILING_TRAY | F54: gen_ceiling_tray | G54: ceiling | H54: 1 | I54: 2600 | J54: 2550 | K54: 200 | L54: 2575 | M54: 5800 | N54: 2950 | O54: 0 | P54: — | Q54: {"inset": 400, "steps": 2, "cove_led": true, "ceiling_h": 2750, "tray_h": 2950} | R54: M_Paint_WarmWhite | S54: Tray ceiling with cove. Build: Stepped tray ceiling with cornice and concealed LED cove (2700 K). Size: 2600 × 2550 × H 200 mm; 1 instance(s); ceiling-hung / recessed. Materials: M_Paint_WarmWhite. | T54: SM_FF_MB_CEILING_TRAY | U54: SM_FF_MB_17 | V54: Yes | W54: procedural / per-room
A55: MB-18 | B55: Master bedroom | C55: Finish | D55: Bronze-framed mirror strip | E55: MIRROR | F55: gen_mirror | G55: wall | H55: 1 | I55: 900 | J55: 30 | K55: 900 | L55: 245 | M55: 7750 | N55: 1050 | O55: 270 | P55: E | Q55: {"shape": "strip", "frame": "bronze", "backlight": false, "centre_h": 1500} | R55: M_Bronze_Dark | S55: Bronze-framed mirror strip. Build: Mirror plane with brass/bronze frame; shape: round / oval / organic spline / full-length. Size: 900 × 30 × H 900 mm; 1 instance(s); wall-mounted, faces E. Materials: M_Bronze_Dark. | T55: SM_FF_MIRROR_900x30x900 | U55: SM_FF_MB_18 | V55: Yes | W55: procedural / per-room
A56: MB-19 | B56: Master bedroom | C56: Finish | D56: Herringbone oak floor (engineered, hand-oiled) | E56: FINISH_FLOOR | F56: gen_floor_finish | G56: room | H56: 1 | I56: 4482 | J56: 3810 | K56: 15 | L56: 2135 | M56: 6036 | N56: 0 | O56: 0 | P56: — | Q56: {"pattern": "herringbone oak 600×90", "grout": 2} | R56: M_Oak_Light, M_Oak_Herringbone | S56: Herringbone oak floor (engineered, hand-oiled). Build: Room-polygon floor finish (herringbone / large-format stone / deck boards) with pattern-aware UVs. Size: room 4482 × 3810 × H 15 mm; 1 instance(s); applied to the whole room. Materials: M_Oak_Light, M_Oak_Herringbone. | T56: SM_FF_MB_FINISH_FLOOR | U56: SM_FF_MB_19 | V56: Yes | W56: procedural / per-room
A57: MB-20 | B57: Master bedroom | C57: Lighting / textile | D57: Linear lights ×2 | E57: LIGHT_LINEAR | F57: gen_linear_light | G57: ceiling | H57: 2 | I57: 1900 | J57: 40 | K57: 40 | L57: 2950 | M57: 4750 | N57: 2750 | O57: 0 | P57: — | Q57: {"profile": "recessed 40", "cct": 2700} | R57: M_Brass_Brushed | S57: Linear lights ×2. Build: Recessed linear LED profile (rect light in UE). Size: 1900 × 40 × H 40 mm; 2 instance(s); ceiling-hung / recessed. Materials: M_Brass_Brushed. | T57: SM_FF_LIGHT_LINEAR_1900x40x40 | U57: SM_FF_MB_20 | V57: Yes | W57: 2–15k tris
A58: MB-21 | B58: Master bedroom | C58: Lighting / textile | D58: Alabaster bedside pendants ×2 (replace table lamps) | E58: LIGHT_PENDANT | F58: gen_pendant | G58: ceiling | H58: 2 | I58: 260 | J58: 260 | K58: 350 | L58: 3715 | M58: 4594 | N58: 2750 | O58: 0 | P58: — | Q58: {"shade": "alabaster", "drop_to_bottom_mm": 1600} | R58: M_Alabaster | S58: Alabaster bedside pendants ×2 (replace table lamps). Build: Bedside / feature pendant with canopy, cable and shade. Size: Ø260 × H 350 mm; 2 instance(s); ceiling-hung / recessed. Materials: M_Alabaster. | T58: SM_FF_LIGHT_PENDANT_260x260x350 | U58: SM_FF_MB_21 | V58: Yes | W58: 2–15k tris
A59: MB-22 | B59: Master bedroom | C59: Lighting / textile | D59: Under-bed LED | E59: LIGHT_LED_STRIP | F59: gen_led_strip | G59: host | H59: 1 | I59: 2020 | J59: 1869 | K59: 10 | L59: 2950 | M59: 5784 | N59: auto (drop onto host) | O59: 0 | P59: — | Q59: {"cct": 2700} | S59: Under-bed LED. Build: Concealed LED strip along the given line (rect light, emissive strip). Size: 2020 × 1869 × H 10 mm; 1 instance(s); placed on its host surface. Materials: per family default. | T59: SM_FF_LIGHT_LED_STRIP_2020x1870x10 | U59: SM_FF_MB_22 | V59: Yes | W59: 2–15k tris
A60: MB-23 | B60: Master bedroom | C60: Lighting / textile | D60: Floor lamp | E60: LIGHT_FLOOR_LAMP | F60: gen_floor_lamp | G60: floor | H60: 1 | I60: 300 | J60: 300 | K60: 1500 | L60: 2650 | M60: 7750 | N60: 0 | O60: 0 | P60: — | Q60: {"style": "brass reading"} | S60: Floor lamp. Build: Brass floor lamp: weighted base, stem, conical shade. Size: Ø300 × H 1500 mm; 1 instance(s); floor-standing. Materials: per family default. | T60: SM_FF_LIGHT_FLOOR_LAMP_300x300x1500 | U60: SM_FF_MB_23 | V60: Yes | W60: 2–15k tris
A61: MB-24 | B61: Master bedroom | C61: Lighting / textile | D61: Designer bronze-and-walnut ceiling fan | E61: CEILING_FAN | F61: gen_fan | G61: ceiling | H61: 1 | I61: 1200 | J61: 1200 | K61: 400 | L61: 1400 | M61: 6000 | N61: 2750 | O61: 0 | P61: — | Q61: {"blades": 3, "span": 1320, "finish": "bronze + walnut"} | R61: M_Walnut, M_Bronze_Dark | S61: Designer bronze-and-walnut ceiling fan. Build: Designer ceiling fan, bronze body + walnut blades (static mesh, optional rotation). Size: Ø1200 × H 400 mm; 1 instance(s); ceiling-hung / recessed. Materials: M_Walnut, M_Bronze_Dark. | T61: SM_FF_CEILING_FAN_1200x1200x400 | U61: SM_FF_MB_24 | V61: Yes | W61: 2–15k tris
A62: MB-25 | B62: Master bedroom | C62: Lighting / textile | D62: Motorised silk-blend blackout drapes with ivory sheers | E62: CURTAIN | F62: gen_curtain | G62: wall | H62: 1 | I62: 2840 | J62: 47 | K62: 2700 | L62: 1680 | M62: 8254 | N62: 0 | O62: 180 | P62: S | Q62: {"fullness": 2.2, "fold_pitch": 160, "track": "motorised ceiling", "layers": "blackout+sheer"} | R62: M_Fabric_Linen | S62: Motorised silk-blend blackout drapes with ivory sheers. Build: Curtain surface swept along the track with sine folds; sheer = translucent two-sided material. Size: 2840 × 47 × H 2700 mm; 1 instance(s); wall-mounted, faces S. Materials: M_Fabric_Linen. | T62: SM_FF_CURTAIN_2840x50x2700 | U62: SM_FF_MB_25 | V62: No | W62: 2–15k tris
A63: MB-26 | B63: Master bedroom | C63: Lighting / textile | D63: Hand-knotted rug 2400×3000 | E63: RUG | F63: gen_rug | G63: floor | H63: 1 | I63: 3000 | J63: 2400 | K63: 12 | L63: 2600 | M63: 5800 | N63: 0 | O63: 0 | P63: — | Q63: {"pile": "low", "edge_bevel": 5, "pattern": "tonal"} | R63: M_Wool_Rug | S63: Hand-knotted rug 2400×3000. Build: Rug slab with bevelled edge; shag variant uses displaced grid; hand-knotted pattern texture slot. Size: 3000 × 2400 × H 12 mm; 1 instance(s); floor-standing. Materials: M_Wool_Rug. | T63: SM_FF_RUG_3000x2400x12 | U63: SM_FF_MB_26 | V63: Yes | W63: 2–15k tris
A64: MB-27 | B64: Master bedroom | C64: Lighting / textile | D64: Cushion set, bed runner, olive throw | E64: SOFT_SET | F64: gen_soft_set | G64: host | H64: 1 | I64: 250 | J64: 250 | K64: 150 | L64: 3000 | M64: 5783 | N64: auto (drop onto host) | O64: 0 | P64: — | Q64: {"items": "cushion + throw + runner"} | R64: M_Wool_Rug, M_Foliage_Olive | S64: Cushion set, bed runner, olive throw. Build: Cushions / throws / bed runner / towels / bath mat generated from the soft-furnishing kit onto the host. Size: 250 × 250 × H 150 mm; 1 instance(s); placed on its host surface. Materials: M_Wool_Rug, M_Foliage_Olive. | T64: SM_FF_SOFT_SET_250x250x150 | U64: SM_FF_MB_27 | V64: No | W64: 2–15k tris
A65: MW-01 | B65: Master walk-in wardrobe | C65: Furniture | D65: Walnut wardrobes on both long walls with bronze-tinted glass upper doors, 830 mm aisle | E65: WARDROBE | F65: gen_wardrobe | G65: floor | H65: 2 | I65: 3387 | J65: 600 | K65: 2700 | L65: 530 | M65: 1994 | N65: 0 | O65: 90 | P65: — | Q65: {"depth": 600, "door_w": 450, "upper_glass": "bronze-tinted", "handles": "leather-wrapped", "interior": "hanging+drawers+shelves", "led": "auto-on"} | R65: M_Walnut, M_Bronze_Dark, M_Glass_LowIron | S65: Walnut wardrobes on both long walls with bronze-tinted glass upper doors, 830 mm aisle. Build: Full-height wardrobe run split into door modules (≈450 mm); bronze-tinted glass upper doors, solid walnut lower doors, leather-wrapped bar handles; interior generated (rails, drawer stack, shelves) for open-door shots. Size: 3387 × 600 × H 2700 mm; 2 instance(s); floor-standing. Materials: M_Walnut, M_Bronze_Dark, M_Glass_LowIron. Fit note: right wall limited by the toilet opening and the door swing. | T65: SM_FF_WARDROBE_3390x600x2700 | U65: SM_FF_MW_01 | V65: No | W65: 20–60k tris (hero) | X65: right wall limited by the toilet opening and the door swing
A66: MW-02 | B66: Master walk-in wardrobe | C66: Furniture | D66: Drawer bank with bronze pulls | E66: DRAWER_BANK | F66: gen_drawer_bank | G66: floor | H66: 1 | I66: 600 | J66: 550 | K66: 900 | L66: 1964 | M66: 975 | N66: 0 | O66: 0 | P66: — | Q66: {"drawers": 5, "glass_top_jewellery": true, "pulls": "bronze"} | R66: M_Bronze_Dark | S66: Drawer bank with bronze pulls. Build: Drawer bank; top drawer as glass-top jewellery display with velvet-lined dividers. Size: 600 × 550 × H 900 mm; 1 instance(s); floor-standing. Materials: M_Bronze_Dark. | T66: SM_FF_DRAWER_BANK_600x550x900 | U66: SM_FF_MW_02 | V66: Yes | W66: 20–60k tris (hero)
A67: MW-03 | B67: Master walk-in wardrobe | C67: Furniture | D67: Glass-top jewellery drawers | E67: JOINERY_INSERT | F67: gen_joinery_insert | G67: host | H67: 1 | I67: 250 | J67: 250 | K67: 0 | L67: 1964 | M67: 975 | N67: auto (drop onto host) | O67: 0 | P67: — | Q67: {"insert": "drawers + glass"} | R67: M_Glass_LowIron | S67: Glass-top jewellery drawers. Build: Parametric insert built into its host joinery (wardrobe / drawer bank / shelf unit): drawers, glass-top trays, pull-outs, hamper, display shelves, handles or door type — sized from the host module. Size: 250 × 250 × H 0 mm; 1 instance(s); placed on its host surface. Materials: M_Glass_LowIron. | T67: SM_FF_JOINERY_INSERT_250x250x0 | U67: SM_FF_MW_03 | V67: No | W67: 20–60k tris (hero)
A68: MW-04 | B68: Master walk-in wardrobe | C68: Furniture | D68: Lit shoe tower | E68: SHOE_TOWER | F68: gen_shoe_tower | G68: floor | H68: 1 | I68: 600 | J68: 470 | K68: 2100 | L68: 1964 | M68: 465 | N68: 0 | O68: 0 | P68: — | Q68: {"shelves": 9, "shelf_led": true} | S68: Lit shoe tower. Build: Open lit shoe tower with angled shelves and LED under each shelf. Size: 600 × 470 × H 2100 mm; 1 instance(s); floor-standing. Materials: per family default. | T68: SM_FF_SHOE_TOWER_600x470x2100 | U68: SM_FF_MW_04 | V68: Yes | W68: 20–60k tris (hero)
A69: MW-05 | B69: Master walk-in wardrobe | C69: Furniture | D69: Tie and belt pull-outs | E69: JOINERY_INSERT | F69: gen_joinery_insert | G69: host | H69: 1 | I69: 250 | J69: 250 | K69: 0 | L69: 530 | M69: 2600 | N69: auto (drop onto host) | O69: 0 | P69: — | Q69: {"insert": "pull-outs"} | S69: Tie and belt pull-outs. Build: Parametric insert built into its host joinery (wardrobe / drawer bank / shelf unit): drawers, glass-top trays, pull-outs, hamper, display shelves, handles or door type — sized from the host module. Size: 250 × 250 × H 0 mm; 1 instance(s); placed on its host surface. Materials: per family default. | T69: SM_FF_JOINERY_INSERT_250x250x0 | U69: SM_FF_MW_05 | V69: Yes | W69: 20–60k tris (hero)
A70: MW-06 | B70: Master walk-in wardrobe | C70: Furniture | D70: Laundry hamper | E70: JOINERY_INSERT | F70: gen_joinery_insert | G70: host | H70: 1 | I70: 250 | J70: 250 | K70: 0 | L70: 530 | M70: 700 | N70: auto (drop onto host) | O70: 0 | P70: — | Q70: {"insert": "hamper"} | S70: Laundry hamper. Build: Parametric insert built into its host joinery (wardrobe / drawer bank / shelf unit): drawers, glass-top trays, pull-outs, hamper, display shelves, handles or door type — sized from the host module. Size: 250 × 250 × H 0 mm; 1 instance(s); placed on its host surface. Materials: per family default. | T70: SM_FF_JOINERY_INSERT_250x250x0 | U70: SM_FF_MW_06 | V70: Yes | W70: 20–60k tris (hero)
A71: MW-07 | B71: Master walk-in wardrobe | C71: Furniture | D71: Bag display shelves | E71: JOINERY_INSERT | F71: gen_joinery_insert | G71: host | H71: 1 | I71: 250 | J71: 250 | K71: 0 | L71: 530 | M71: 3300 | N71: auto (drop onto host) | O71: 0 | P71: — | Q71: {"insert": "display"} | S71: Bag display shelves. Build: Parametric insert built into its host joinery (wardrobe / drawer bank / shelf unit): drawers, glass-top trays, pull-outs, hamper, display shelves, handles or door type — sized from the host module. Size: 250 × 250 × H 0 mm; 1 instance(s); placed on its host surface. Materials: per family default. | T71: SM_FF_JOINERY_INSERT_250x250x0 | U71: SM_FF_MW_07 | V71: Yes | W71: 20–60k tris (hero)
A72: MW-08 | B72: Master walk-in wardrobe | C72: Furniture | D72: Bouclé pouf Ø400 | E72: POUF_ROUND | F72: gen_pouf | G72: floor | H72: 1 | I72: 400 | J72: 400 | K72: 420 | L72: 1247 | M72: 950 | N72: 0 | O72: 0 | P72: — | Q72: {"bevel": 60, "fabric": "boucle"} | R72: M_Boucle_Grey | S72: Bouclé pouf Ø400. Build: Cylindrical pouf with large bevel (60) and subdivision, bouclé normal detail. Size: Ø400 × H 420 mm; 1 instance(s); floor-standing. Materials: M_Boucle_Grey. | T72: SM_FF_POUF_ROUND_400x400x420 | U72: SM_FF_MW_08 | V72: Yes | W72: 20–60k tris (hero)
A73: MW-09 | B73: Master walk-in wardrobe | C73: Décor | D73: Bronze-framed full-length mirror | E73: MIRROR | F73: gen_mirror | G73: wall | H73: 1 | I73: 600 | J73: 40 | K73: 900 | L73: 1250 | M73: 250 | N73: 1050 | O73: 0 | P73: N | Q73: {"shape": "full-length 600×2000", "frame": "bronze", "backlight": false, "centre_h": 1500} | R73: M_Bronze_Dark | S73: Bronze-framed full-length mirror. Build: Mirror plane with brass/bronze frame; shape: round / oval / organic spline / full-length. Size: 600 × 40 × H 900 mm; 1 instance(s); wall-mounted, faces N. Materials: M_Bronze_Dark. | T73: SM_FF_MIRROR_600x40x900 | U73: SM_FF_MW_09 | V73: Yes | W73: 1–8k tris
A74: MW-10 | B74: Master walk-in wardrobe | C74: Décor | D74: Velvet-lined trays | E74: ACCESSORY | F74: gen_accessory | G74: host | H74: 1 | I74: 250 | J74: 250 | K74: 150 | L74: 1964 | M74: 1150 | N74: auto (drop onto host) | O74: 0 | P74: — | Q74: {"type": "tray", "scatter_on": "host top"} | R74: M_Velvet_Cream | S74: Velvet-lined trays. Build: Small décor generated from the accessory kit (vase, tray, books, bowl, candles, diffuser, towels…) and dropped onto the host surface at the marked point. Size: 250 × 250 × H 150 mm; 1 instance(s); placed on its host surface. Materials: M_Velvet_Cream. | T74: SM_FF_ACCESSORY_250x250x150 | U74: SM_FF_MW_10 | V74: Yes | W74: 1–8k tris
A75: MW-11 | B75: Master walk-in wardrobe | C75: Décor | D75: Brass valet | E75: ACCESSORY | F75: gen_accessory | G75: host | H75: 1 | I75: 250 | J75: 250 | K75: 150 | L75: 1100 | M75: 3300 | N75: auto (drop onto host) | O75: 0 | P75: — | Q75: {"type": "valet", "scatter_on": "host top"} | R75: M_Brass_Brushed | S75: Brass valet. Build: Small décor generated from the accessory kit (vase, tray, books, bowl, candles, diffuser, towels…) and dropped onto the host surface at the marked point. Size: 250 × 250 × H 150 mm; 1 instance(s); placed on its host surface. Materials: M_Brass_Brushed. | T75: SM_FF_ACCESSORY_250x250x150 | U75: SM_FF_MW_11 | V75: Yes | W75: 1–8k tris
A76: MW-12 | B76: Master walk-in wardrobe | C76: Décor | D76: Reed diffuser | E76: ACCESSORY | F76: gen_accessory | G76: host | H76: 1 | I76: 250 | J76: 250 | K76: 150 | L76: 2100 | M76: 900 | N76: auto (drop onto host) | O76: 0 | P76: — | Q76: {"type": "diffuser", "scatter_on": "host top"} | S76: Reed diffuser. Build: Small décor generated from the accessory kit (vase, tray, books, bowl, candles, diffuser, towels…) and dropped onto the host surface at the marked point. Size: 250 × 250 × H 150 mm; 1 instance(s); placed on its host surface. Materials: per family default. | T76: SM_FF_ACCESSORY_250x250x150 | U76: SM_FF_MW_12 | V76: Yes | W76: 1–8k tris
A77: MW-13 | B77: Master walk-in wardrobe | C77: Décor | D77: Limited-edition print | E77: ART_FRAME | F77: gen_art | G77: wall | H77: 1 | I77: 450 | J77: 40 | K77: 600 | L77: 1125 | M77: 3667 | N77: 1200 | O77: 180 | P77: S | Q77: {"frame_w": 30, "frame_d": 40, "canvas_inset": 5, "image": "natural abstract", "centre_h": 1500} | S77: Limited-edition print. Build: Framed artwork: walnut frame, canvas plane with image texture slot; wall stand-off 2 mm. Size: 450 × 40 × H 600 mm; 1 instance(s); wall-mounted, faces S. Materials: per family default. | T77: SM_FF_ART_FRAME_450x40x600 | U77: SM_FF_MW_13 | V77: Yes | W77: 1–8k tris
A78: MW-14 | B78: Master walk-in wardrobe | C78: Finish | D78: Walnut veneer | E78: FINISH_WALL | F78: gen_wall_finish | G78: room | H78: 1 | I78: 3457 | J78: 2034 | K78: 0 | L78: 1247 | M78: 1958 | N78: 0 | O78: 0 | P78: — | Q78: {"apply_to": "all walls", "material": "walnut veneer (joinery)"} | R78: M_Walnut | S78: Walnut veneer. Build: Applies a wall material (paint / plaster / tile / cladding) to all wall faces of the room. Size: room 3457 × 2034 × H 0 mm; 1 instance(s); applied to the whole room. Materials: M_Walnut. | T78: SM_FF_MW_FINISH_WALL | U78: SM_FF_MW_14 | V78: Yes | W78: procedural / per-room
A79: MW-15 | B79: Master walk-in wardrobe | C79: Finish | D79: Leather-wrapped handles | E79: JOINERY_INSERT | F79: gen_joinery_insert | G79: host | H79: 1 | I79: 250 | J79: 250 | K79: 0 | L79: 830 | M79: 1800 | N79: auto (drop onto host) | O79: 0 | P79: — | Q79: {"insert": "handles"} | R79: M_Leather_Cognac | S79: Leather-wrapped handles. Build: Parametric insert built into its host joinery (wardrobe / drawer bank / shelf unit): drawers, glass-top trays, pull-outs, hamper, display shelves, handles or door type — sized from the host module. Size: 250 × 250 × H 0 mm; 1 instance(s); placed on its host surface. Materials: M_Leather_Cognac. | T79: SM_FF_JOINERY_INSERT_250x250x0 | U79: SM_FF_MW_15 | V79: Yes | W79: procedural / per-room
A80: MW-16 | B80: Master walk-in wardrobe | C80: Finish | D80: Fabric-lined drawers | E80: JOINERY_INSERT | F80: gen_joinery_insert | G80: host | H80: 1 | I80: 250 | J80: 250 | K80: 0 | L80: 1964 | M80: 800 | N80: auto (drop onto host) | O80: 0 | P80: — | Q80: {"insert": "drawers"} | S80: Fabric-lined drawers. Build: Parametric insert built into its host joinery (wardrobe / drawer bank / shelf unit): drawers, glass-top trays, pull-outs, hamper, display shelves, handles or door type — sized from the host module. Size: 250 × 250 × H 0 mm; 1 instance(s); placed on its host surface. Materials: per family default. | T80: SM_FF_JOINERY_INSERT_250x250x0 | U80: SM_FF_MW_16 | V80: Yes | W80: procedural / per-room
A81: MW-17 | B81: Master walk-in wardrobe | C81: Finish | D81: Herringbone oak floor | E81: FINISH_FLOOR | F81: gen_floor_finish | G81: room | H81: 1 | I81: 3457 | J81: 2034 | K81: 15 | L81: 1247 | M81: 1958 | N81: 0 | O81: 0 | P81: — | Q81: {"pattern": "herringbone oak", "grout": 2} | R81: M_Oak_Light, M_Oak_Herringbone | S81: Herringbone oak floor. Build: Room-polygon floor finish (herringbone / large-format stone / deck boards) with pattern-aware UVs. Size: room 3457 × 2034 × H 15 mm; 1 instance(s); applied to the whole room. Materials: M_Oak_Light, M_Oak_Herringbone. | T81: SM_FF_MW_FINISH_FLOOR | U81: SM_FF_MW_17 | V81: Yes | W81: procedural / per-room
A82: MW-18 | B82: Master walk-in wardrobe | C82: Lighting / textile | D82: Shelf LEDs (auto-on with doors) | E82: LIGHT_LED_STRIP | F82: gen_led_strip | G82: host | H82: 1 | I82: 3200 | J82: 40 | K82: 10 | L82: 835 | M82: 2000 | N82: auto (drop onto host) | O82: 0 | P82: — | Q82: {"cct": 2700} | S82: Shelf LEDs (auto-on with doors). Build: Concealed LED strip along the given line (rect light, emissive strip). Size: 3200 × 40 × H 10 mm; 1 instance(s); placed on its host surface. Materials: per family default. | T82: SM_FF_LIGHT_LED_STRIP_3200x40x10 | U82: SM_FF_MW_18 | V82: Yes | W82: 2–15k tris
A83: MW-19 | B83: Master walk-in wardrobe | C83: Lighting / textile | D83: Linear aisle light | E83: LIGHT_LINEAR | F83: gen_linear_light | G83: ceiling | H83: 1 | I83: 2400 | J83: 40 | K83: 40 | L83: 1247 | M83: 2300 | N83: 2750 | O83: 0 | P83: — | Q83: {"profile": "recessed 40", "cct": 2700} | R83: M_Brass_Brushed | S83: Linear aisle light. Build: Recessed linear LED profile (rect light in UE). Size: 2400 × 40 × H 40 mm; 1 instance(s); ceiling-hung / recessed. Materials: M_Brass_Brushed. | T83: SM_FF_LIGHT_LINEAR_2400x40x40 | U83: SM_FF_MW_19 | V83: Yes | W83: 2–15k tris
A84: MW-20 | B84: Master walk-in wardrobe | C84: Lighting / textile | D84: Mirror-side lighting | E84: LIGHT_SPOT | F84: gen_spot | G84: ceiling | H84: 1 | I84: 160 | J84: 160 | K84: 80 | L84: 1250 | M84: 340 | N84: 2750 | O84: 0 | P84: — | Q84: {"beam_deg": 40, "type": "mirror light"} | R84: M_Brass_Brushed | S84: Mirror-side lighting. Build: Recessed downlight / uplight / picture light / niche light. Size: Ø160 × H 80 mm; 1 instance(s); ceiling-hung / recessed. Materials: M_Brass_Brushed. | T84: SM_FF_LIGHT_SPOT_160x160x80 | U84: SM_FF_MW_20 | V84: Yes | W84: 2–15k tris
A85: MW-21 | B85: Master walk-in wardrobe | C85: Lighting / textile | D85: Wool runner 600×2400 | E85: RUG | F85: gen_rug | G85: floor | H85: 1 | I85: 2400 | J85: 600 | K85: 12 | L85: 1250 | M85: 2350 | N85: 0 | O85: 0 | P85: — | Q85: {"pile": "low", "edge_bevel": 5, "pattern": "tonal"} | R85: M_Wool_Rug | S85: Wool runner 600×2400. Build: Rug slab with bevelled edge; shag variant uses displaced grid; hand-knotted pattern texture slot. Size: 2400 × 600 × H 12 mm; 1 instance(s); floor-standing. Materials: M_Wool_Rug. | T85: SM_FF_RUG_2400x600x12 | U85: SM_FF_MW_21 | V85: Yes | W85: 2–15k tris
A86: MT-01 | B86: Master toilet | C86: Furniture | D86: Double walnut vanity 1500 with Calacatta Viola top | E86: VANITY | F86: gen_vanity | G86: wall | H86: 1 | I86: 1500 | J86: 545 | K86: 850 | L86: 3722 | M86: 1800 | N86: 0 | O86: 90 | P86: — | Q86: {"depth": 550, "basins": 2, "top": "Calacatta Viola 30", "carcass": "walnut", "wall_hung": true} | R86: M_Walnut, M_Marble_CalacattaViola | S86: Double walnut vanity 1500 with Calacatta Viola top. Build: Wall-hung walnut vanity, 30 mm Calacatta Viola top with eased edge, undermount/vessel basin(s), brass PVD tap per basin. Size: 1500 × 545 × H 850 mm; 1 instance(s); wall-mounted, faces —. Materials: M_Walnut, M_Marble_CalacattaViola. | T86: SM_FF_VANITY_1500x540x850 | U86: SM_FF_MT_01 | V86: Yes | W86: 20–60k tris (hero)
A87: MT-02 | B87: Master toilet | C87: Furniture | D87: Wall-hung WC with concealed cistern and brass flush plate | E87: WC_WALLHUNG | F87: gen_wc | G87: wall | H87: 1 | I87: 495 | J87: 380 | K87: 400 | L87: 3200 | M87: 522 | N87: 0 | O87: 90 | P87: — | Q87: {"pan": "540×370", "cistern": "concealed", "flush_plate": "brushed brass"} | R87: M_Brass_Brushed, M_Resin_StoneWhite | S87: Wall-hung WC with concealed cistern and brass flush plate. Build: Wall-hung pan (generated from rounded profile), concealed cistern frame in a 150 mm ledge, brushed-brass flush plate. Size: 495 × 380 × H 400 mm; 1 instance(s); wall-mounted, faces —. Materials: M_Brass_Brushed, M_Resin_StoneWhite. | T87: SM_FF_WC_WALLHUNG_500x380x400 | U87: SM_FF_MT_02 | V87: Yes | W87: 20–60k tris (hero)
A88: MT-03 | B88: Master toilet | C88: Furniture | D88: Walk-in shower 1650×1000 with frameless low-iron glass | E88: SHOWER_ENCLOSURE | F88: gen_shower | G88: floor | H88: 1 | I88: 1595 | J88: 953 | K88: 2100 | L88: 3198 | M88: 3164 | N88: 0 | O88: 0 | P88: — | Q88: {"tray": "flush microcement", "glass": "frameless low-iron 10 mm", "drain": "linear brass", "rain_head": "Ø300 brass"} | R88: M_Glass_LowIron, M_Microcement_Grey, M_Brass_Brushed | S88: Walk-in shower 1650×1000 with frameless low-iron glass. Build: Walk-in shower zone: flush floor with linear drain, frameless low-iron glass panel(s) with brass clamps, ceiling rain head + handheld set. Size: 1595 × 953 × H 2100 mm; 1 instance(s); floor-standing. Materials: M_Glass_LowIron, M_Microcement_Grey, M_Brass_Brushed. | T88: SM_FF_SHOWER_ENCLOSURE_1600x950x2100 | U88: SM_FF_MT_03 | V88: No | W88: 20–60k tris (hero)
A89: MT-04 | B89: Master toilet | C89: Furniture | D89: Teak shower bench | E89: SHOWER_BENCH | F89: gen_shower_bench | G89: floor | H89: 1 | I89: 980 | J89: 340 | K89: 450 | L89: 2910 | M89: 3460 | N89: 0 | O89: 0 | P89: — | Q89: {"slat_w": 45, "slat_gap": 8} | R89: M_Teak_Outdoor | S89: Teak shower bench. Build: Teak slatted bench on stainless brackets. Size: 980 × 340 × H 450 mm; 1 instance(s); floor-standing. Materials: M_Teak_Outdoor. | T89: SM_FF_SHOWER_BENCH_980x340x450 | U89: SM_FF_MT_04 | V89: Yes | W89: 20–60k tris (hero)
A90: MT-05 | B90: Master toilet | C90: Furniture | D90: Plum lacquer tall cabinet | E90: TALL_CABINET | F90: gen_tall_cabinet | G90: floor | H90: 1 | I90: 395 | J90: 355 | K90: 2100 | L90: 3798 | M90: 452 | N90: 0 | O90: 0 | P90: — | Q90: {"depth": 400, "finish": "plum lacquer", "doors": 1} | R90: M_Lacquer_Plum | S90: Plum lacquer tall cabinet. Build: Tall bathroom cabinet with a single lacquered door, shadow-gap handle. Size: 395 × 355 × H 2100 mm; 1 instance(s); floor-standing. Materials: M_Lacquer_Plum. | T90: SM_FF_TALL_CABINET_400x360x2100 | U90: SM_FF_MT_05 | V90: Yes | W90: 20–60k tris (hero)
A91: MT-06 | B91: Master toilet | C91: Furniture | D91: Recessed mirror cabinet | E91: RECESSED | F91: gen_recess | G91: wall | H91: 1 | I91: 550 | J91: 40 | K91: 700 | L91: 3975 | M91: 1375 | N91: 0 | O91: 90 | P91: W | Q91: {"depth": 100, "type": "mirror cabinet"} | S91: Recessed mirror cabinet. Build: Wall recess (niche / mirror cabinet / towel shelf) cut as a Boolean into the host wall, lined with the listed material, LED strip optional. Size: 550 × 40 × H 700 mm; 1 instance(s); wall-mounted, faces W. Materials: per family default. | T91: SM_FF_RECESSED_550x40x700 | U91: SM_FF_MT_06 | V91: Yes | W91: 20–60k tris (hero)
A92: MT-07 | B92: Master toilet | C92: Furniture | D92: Towel shelf | E92: RECESSED | F92: gen_recess | G92: wall | H92: 1 | I92: 380 | J92: 40 | K92: 300 | L92: 3200 | M92: 295 | N92: 0 | O92: 0 | P92: N | Q92: {"depth": 100, "type": "towel shelf"} | S92: Towel shelf. Build: Wall recess (niche / mirror cabinet / towel shelf) cut as a Boolean into the host wall, lined with the listed material, LED strip optional. Size: 380 × 40 × H 300 mm; 1 instance(s); wall-mounted, faces N. Materials: per family default. | T92: SM_FF_RECESSED_380x40x300 | U92: SM_FF_MT_07 | V92: Yes | W92: 20–60k tris (hero)
A93: MT-08 | B93: Master toilet | C93: Décor | D93: Pair of organic mirrors | E93: MIRROR | F93: gen_mirror | G93: wall | H93: 2 | I93: 750 | J93: 40 | K93: 900 | L93: 3975 | M93: 2075 | N93: 1050 | O93: 90 | P93: W | Q93: {"shape": "organic", "frame": "brass 8", "backlight": true, "centre_h": 1500} | S93: Pair of organic mirrors. Build: Mirror plane with brass/bronze frame; shape: round / oval / organic spline / full-length. Size: 750 × 40 × H 900 mm; 2 instance(s); wall-mounted, faces W. Materials: per family default. | T93: SM_FF_MIRROR_750x40x900 | U93: SM_FF_MT_08 | V93: Yes | W93: 1–8k tris
A94: MT-09 | B94: Master toilet | C94: Décor | D94: Viola marble niche | E94: RECESSED | F94: gen_recess | G94: wall | H94: 1 | I94: 300 | J94: 40 | K94: 400 | L94: 2420 | M94: 3150 | N94: 0 | O94: 270 | P94: E | Q94: {"depth": 100, "type": "Viola niche"} | R94: M_Marble_CalacattaViola | S94: Viola marble niche. Build: Wall recess (niche / mirror cabinet / towel shelf) cut as a Boolean into the host wall, lined with the listed material, LED strip optional. Size: 300 × 40 × H 400 mm; 1 instance(s); wall-mounted, faces E. Materials: M_Marble_CalacattaViola. | T94: SM_FF_RECESSED_300x40x400 | U94: SM_FF_MT_09 | V94: Yes | W94: 1–8k tris
A95: MT-10 | B95: Master toilet | C95: Décor | D95: Brass dispenser and tray set | E95: ACCESSORY | F95: gen_accessory | G95: host | H95: 1 | I95: 250 | J95: 250 | K95: 150 | L95: 3720 | M95: 1800 | N95: auto (drop onto host) | O95: 0 | P95: — | Q95: {"type": "tray + dispenser", "scatter_on": "host top"} | R95: M_Brass_Brushed | S95: Brass dispenser and tray set. Build: Small décor generated from the accessory kit (vase, tray, books, bowl, candles, diffuser, towels…) and dropped onto the host surface at the marked point. Size: 250 × 250 × H 150 mm; 1 instance(s); placed on its host surface. Materials: M_Brass_Brushed. | T95: SM_FF_ACCESSORY_250x250x150 | U95: SM_FF_MT_10 | V95: Yes | W95: 1–8k tris
A96: MT-11 | B96: Master toilet | C96: Décor | D96: Orchid | E96: ACCESSORY | F96: gen_accessory | G96: host | H96: 1 | I96: 250 | J96: 250 | K96: 150 | L96: 3720 | M96: 2300 | N96: auto (drop onto host) | O96: 0 | P96: — | Q96: {"type": "orchid", "scatter_on": "host top"} | S96: Orchid. Build: Small décor generated from the accessory kit (vase, tray, books, bowl, candles, diffuser, towels…) and dropped onto the host surface at the marked point. Size: 250 × 250 × H 150 mm; 1 instance(s); placed on its host surface. Materials: per family default. | T96: SM_FF_ACCESSORY_250x250x150 | U96: SM_FF_MT_11 | V96: Yes | W96: 1–8k tris
A97: MT-12 | B97: Master toilet | C97: Décor | D97: Rolled towels | E97: SOFT_SET | F97: gen_soft_set | G97: host | H97: 1 | I97: 250 | J97: 250 | K97: 150 | L97: 3720 | M97: 1150 | N97: auto (drop onto host) | O97: 0 | P97: — | Q97: {"items": "towels + towel"} | S97: Rolled towels. Build: Cushions / throws / bed runner / towels / bath mat generated from the soft-furnishing kit onto the host. Size: 250 × 250 × H 150 mm; 1 instance(s); placed on its host surface. Materials: per family default. | T97: SM_FF_SOFT_SET_250x250x150 | U97: SM_FF_MT_12 | V97: Yes | W97: 1–8k tris
A98: MT-13 | B98: Master toilet | C98: Décor | D98: Reed diffuser | E98: ACCESSORY | F98: gen_accessory | G98: host | H98: 1 | I98: 250 | J98: 250 | K98: 150 | L98: 3720 | M98: 2450 | N98: auto (drop onto host) | O98: 0 | P98: — | Q98: {"type": "diffuser", "scatter_on": "host top"} | S98: Reed diffuser. Build: Small décor generated from the accessory kit (vase, tray, books, bowl, candles, diffuser, towels…) and dropped onto the host surface at the marked point. Size: 250 × 250 × H 150 mm; 1 instance(s); placed on its host surface. Materials: per family default. | T98: SM_FF_ACCESSORY_250x250x150 | U98: SM_FF_MT_13 | V98: Yes | W98: 1–8k tris
A99: MT-14 | B99: Master toilet | C99: Finish | D99: White fluted tile | E99: FINISH_WALL | F99: gen_wall_finish | G99: room | H99: 1 | I99: 3457 | J99: 1684 | K99: 0 | L99: 3198 | M99: 1958 | N99: 0 | O99: 0 | P99: — | Q99: {"apply_to": "all walls", "material": "white fluted tile"} | R99: M_Tile_FlutedWhite | S99: White fluted tile. Build: Applies a wall material (paint / plaster / tile / cladding) to all wall faces of the room. Size: room 3457 × 1684 × H 0 mm; 1 instance(s); applied to the whole room. Materials: M_Tile_FlutedWhite. | T99: SM_FF_MT_FINISH_WALL | U99: SM_FF_MT_14 | V99: Yes | W99: procedural / per-room
A100: MT-15 | B100: Master toilet | C100: Finish | D100: Viola marble feature wall in the shower | E100: WALL_FEATURE_PANEL | F100: gen_feature_panel | G100: wall | H100: 1 | I100: 1595 | J100: 40 | K100: 2700 | L100: 3198 | M100: 3620 | N100: 0 | O100: 180 | P100: S | Q100: {"type": "Calacatta Viola slabs", "module": 60, "depth": 40} | R100: M_Marble_CalacattaViola | S100: Viola marble feature wall in the shower. Build: Feature wall panel: walnut slats (module 60 / gap 15), fluted walnut, upholstered fabric panels or marble slabs with bronze trims. Size: 1595 × 40 × H 2700 mm; 1 instance(s); wall-mounted, faces S. Materials: M_Marble_CalacattaViola. | T100: SM_FF_WALL_FEATURE_PANEL_1600x40x2700 | U100: SM_FF_MT_15 | V100: Yes | W100: procedural / per-room
...

Sheet Placements
A1: Item_Code | B1: Instance | C1: Mesh_Asset | D1: X_mm | E1: Y_mm | F1: Z_mm | G1: Rot_Z_deg | H1: Footprint_L_mm | I1: Footprint_W_mm | J1: H_mm | K1: Object_Name
A2: UL-01 | B2: 1 | C2: SM_FF_CHAIR_BARREL_SWIVEL_820x820x760 | D2: 7550 | E2: 5750 | F2: 0 | G2: 90 | H2: 820 | I2: 820 | J2: 760 | K2: SM_FF_UL_01_01
A3: UL-01 | B3: 2 | C3: SM_FF_CHAIR_BARREL_SWIVEL_820x820x760 | D3: 7550 | E3: 6850 | F3: 0 | G3: 90 | H3: 820 | I3: 820 | J3: 760 | K3: SM_FF_UL_01_02
A4: UL-02 | B4: 1 | C4: SM_FF_TABLE_ROUND_700x700x400 | D4: 6750 | E4: 6300 | F4: 0 | G4: 0 | H4: 700 | I4: 700 | J4: 400 | K4: SM_FF_UL_02_01
A5: UL-03 | B5: 1 | C5: SM_FF_CONSOLE_1500x350x800 | D5: 8470 | E5: 8102 | F5: 0 | G5: 0 | H5: 1500 | I5: 350 | J5: 800 | K5: SM_FF_UL_03_01
A6: UL-04 | B6: 1 | C6: SM_FF_BOOKSHELF_LOW_1400x350x900 | D6: 8540 | E6: 4734 | F6: 0 | G6: 0 | H6: 1400 | I6: 350 | J6: 900 | K6: SM_FF_UL_04_01
A7: UL-05 | B7: 1 | C7: SM_FF_SOFA_LOVESEAT_1600x850x780 | D7: 5575 | E7: 6300 | F7: 0 | G7: 270 | H7: 1600 | I7: 850 | J7: 780 | K7: SM_FF_UL_05_01
A8: UL-06 | B8: 1 | C8: SM_FF_TABLE_DRUM_450x450x500 | D8: 5575 | E8: 5230 | F8: 0 | G8: 0 | H8: 450 | I8: 450 | J8: 500 | K8: SM_FF_UL_06_01
A9: UL-06 | B9: 2 | C9: SM_FF_TABLE_DRUM_450x450x500 | D9: 5575 | E9: 7370 | F9: 0 | G9: 0 | H9: 450 | I9: 450 | J9: 500 | K9: SM_FF_UL_06_02
A10: UL-07 | B10: 1 | C10: SM_FF_POUF_ROUND_450x450x420 | D10: 8150 | E10: 7680 | F10: 0 | G10: 0 | H10: 450 | I10: 450 | J10: 420 | K10: SM_FF_UL_07_01
A11: UL-07 | B11: 2 | C11: SM_FF_POUF_ROUND_450x450x420 | D11: 8790 | E11: 7680 | F11: 0 | G11: 0 | H11: 450 | I11: 450 | J11: 420 | K11: SM_FF_UL_07_02
A12: UL-08 | B12: 1 | C12: SM_FF_PLANTER_TREE_600x600x1800 | D12: 8900 | E12: 5600 | F12: 0 | G12: 0 | H12: 600 | I12: 600 | J12: 1800 | K12: SM_FF_UL_08_01
A13: UL-09 | B13: 1 | C13: SM_FF_ART_FRAME_1100x40x800 | D13: 8470 | E13: 8258 | F13: 1100 | G13: 180 | H13: 1140 | I13: 37 | J13: 800 | K13: SM_FF_UL_09_01
A14: UL-10 | B14: 1 | C14: SM_FF_ACCESSORY_250x250x150 | D14: 8000 | E14: 8100 | F14: auto (drop onto host) | G14: 0 | H14: 250 | I14: 250 | J14: 150 | K14: SM_FF_UL_10_01
A15: UL-11 | B15: 1 | C15: SM_FF_ACCESSORY_250x250x150 | D15: 6600 | E15: 6150 | F15: auto (drop onto host) | G15: 0 | H15: 250 | I15: 250 | J15: 150 | K15: SM_FF_UL_11_01
A16: UL-12 | B16: 1 | C16: SM_FF_ART_FRAME_1280x40x900 | D16: 8540 | E16: 4580 | F16: 1050 | G16: 0 | H16: 1280 | I16: 41 | J16: 900 | K16: SM_FF_UL_12_01
A17: UL-13 | B17: 1 | C17: SM_FF_ACCESSORY_250x250x150 | D17: 8540 | E17: 4734 | F17: auto (drop onto host) | G17: 0 | H17: 250 | I17: 250 | J17: 150 | K17: SM_FF_UL_13_01
A18: UL-14 | B18: 1 | C18: SM_FF_ACCESSORY_250x250x150 | D18: 6900 | E18: 6420 | F18: auto (drop onto host) | G18: 0 | H18: 250 | I18: 250 | J18: 150 | K18: SM_FF_UL_14_01
A19: UL-15 | B19: 1 | C19: SM_FF_ACCESSORY_250x250x150 | D19: 9050 | E19: 8100 | F19: auto (drop onto host) | G19: 0 | H19: 250 | I19: 250 | J19: 150 | K19: SM_FF_UL_15_01
A20: UL-16 | B20: 1 | C20: SM_FF_UL_WALL_PANEL_OGEE | D20: 6762 | E20: 6418 | F20: 0 | G20: 0 | H20: 5049 | I20: 3718 | J20: 2550 | K20: SM_FF_UL_16_01
A21: UL-17 | B21: 1 | C21: SM_FF_UL_FINISH_FLOOR | D21: 6762 | E21: 6418 | F21: 0 | G21: 0 | H21: 5049 | I21: 3718 | J21: 15 | K21: SM_FF_UL_17_01
A22: UL-18 | B22: 1 | C22: SM_FF_BALUSTRADE_GLASS_3720x40x1100 | D22: 9282 | E22: 6418 | F22: 0 | G22: 90 | H22: 3718 | I22: 35 | J22: 1100 | K22: SM_FF_UL_18_01
A23: UL-19 | B23: 1 | C23: SM_FF_WALL_FEATURE_PANEL_1640x30x2700 | D23: 8468 | E23: 8264 | F23: 0 | G23: 180 | H23: 1637 | I23: 27 | J23: 2700 | K23: SM_FF_UL_19_01
A24: UL-20 | B24: 1 | C24: SM_FF_UL_CEILING_TRAY | D24: 6700 | E24: 6325 | F24: 2950 | G24: 0 | H24: 3200 | I24: 2350 | J24: 200 | K24: SM_FF_UL_20_01
A25: UL-21 | B25: 1 | C25: SM_FF_INLAY_STRIP_3720x30x5 | D25: 9246 | E25: 6418 | F25: 0 | G25: 90 | H25: 3718 | I25: 32 | J25: 5 | K25: SM_FF_UL_21_01
A26: UL-22 | B26: 1 | C26: SM_FF_LIGHT_CHANDELIER_900x900x600 | D26: 6750 | E26: 6300 | F26: 2750 | G26: 0 | H26: 900 | I26: 900 | J26: 600 | K26: SM_FF_UL_22_01
A27: UL-23 | B27: 1 | C27: SM_FF_LIGHT_FLOOR_LAMP_350x350x1500 | D27: 5450 | E27: 7700 | F27: 0 | G27: 0 | H27: 350 | I27: 350 | J27: 1500 | K27: SM_FF_UL_23_01
A28: UL-24 | B28: 1 | C28: SM_FF_LIGHT_SCONCE_200x200x200 | D28: 7690 | E28: 8170 | F28: 1500 | G28: 0 | H28: 200 | I28: 200 | J28: 200 | K28: SM_FF_UL_24_01
A29: UL-24 | B29: 2 | C29: SM_FF_LIGHT_SCONCE_200x200x200 | D29: 9250 | E29: 8170 | F29: 1500 | G29: 0 | H29: 200 | I29: 200 | J29: 200 | K29: SM_FF_UL_24_02
A30: UL-25 | B30: 1 | C30: SM_FF_LIGHT_SPOT_700x40x80 | D30: 8550 | E30: 4620 | F30: 2750 | G30: 0 | H30: 700 | I30: 40 | J30: 80 | K30: SM_FF_UL_25_01
A31: UL-26 | B31: 1 | C31: SM_FF_RUG_2400x1700x12 | D31: 6750 | E31: 6300 | F31: 0 | G31: 0 | H31: 2400 | I31: 1700 | J31: 12 | K31: SM_FF_UL_26_01
A32: UL-27 | B32: 1 | C32: SM_FF_SOFT_SET_250x250x150 | D32: 5400 | E32: 6200 | F32: auto (drop onto host) | G32: 0 | H32: 250 | I32: 250 | J32: 150 | K32: SM_FF_UL_27_01
A33: UL-28 | B33: 1 | C33: SM_FF_SOFT_SET_250x250x150 | D33: 5400 | E33: 6900 | F33: auto (drop onto host) | G33: 0 | H33: 250 | I33: 250 | J33: 150 | K33: SM_FF_UL_28_01
A34: VO-01 | B34: 1 | C34: SM_FF_PLANTER_TROUGH_1500x250x400 | D34: 9162 | E34: 7050 | F34: 0 | G34: 90 | H34: 1500 | I34: 250 | J34: 400 | K34: SM_FF_VO_01_01
A35: VO-02 | B35: 1 | C35: SM_FF_ACCESSORY_1200x1200x150 | D35: 11350 | E35: 6400 | F35: auto (drop onto host) | G35: 0 | H35: 1200 | I35: 1200 | J35: 150 | K35: SM_FF_VO_02_01
A36: VO-03 | B36: 1 | C36: SM_FF_PLANT_SMALL_300x300x600 | D36: 9162 | E36: 7050 | F36: 0 | G36: 0 | H36: 300 | I36: 300 | J36: 600 | K36: SM_FF_VO_03_01
A37: VO-04 | B37: 1 | C37: SM_FF_BALUSTRADE_GLASS_3720x40x1100 | D37: 9290 | E37: 6418 | F37: 0 | G37: 270 | H37: 3718 | I37: 40 | J37: 1100 | K37: SM_FF_VO_04_01
A38: VO-05 | B38: 1 | C38: SM_FF_INLAY_STRIP_400x40x5 | D38: 9244 | E38: 5100 | F38: 0 | G38: 270 | H38: 400 | I38: 37 | J38: 5 | K38: SM_FF_VO_05_01
A39: VO-06 | B39: 1 | C39: SM_FF_CURTAIN_3640x40x6100 | D39: 12982 | E39: 6420 | F39: 0 | G39: 90 | H39: 3640 | I39: 45 | J39: 6100 | K39: SM_FF_VO_06_01
A40: VO-07 | B40: 1 | C40: SM_FF_LIGHT_LED_STRIP_3640x40x10 | D40: 9290 | E40: 6420 | F40: auto (drop onto host) | G40: 0 | H40: 3640 | I40: 40 | J40: 10 | K40: SM_FF_VO_07_01
A41: VO-08 | B41: 1 | C41: SM_FF_LIGHT_SPOT_250x250x80 | D41: 12800 | E41: 6400 | F41: 2750 | G41: 0 | H41: 250 | I41: 250 | J41: 80 | K41: SM_FF_VO_08_01
A42: MB-01 | B42: 1 | C42: SM_FF_BED_PLATFORM_1980x1830x450 | D42: 2950 | E42: 5784 | F42: 0 | G42: 90 | H42: 1980 | I42: 1829 | J42: 450 | K42: SM_FF_MB_01_01
A43: MB-02 | B43: 1 | C43: SM_FF_SIDE_TABLE_450x450x550 | D43: 3715 | E43: 4594 | F43: 0 | G43: 0 | H43: 450 | I43: 450 | J43: 550 | K43: SM_FF_MB_02_01
A44: MB-02 | B44: 2 | C44: SM_FF_SIDE_TABLE_450x450x550 | D44: 3715 | E44: 6973 | F44: 0 | G44: 0 | H44: 450 | I44: 450 | J44: 550 | K44: SM_FF_MB_02_02
A45: MB-03 | B45: 1 | C45: SM_FF_CHAIR_LOUNGE_760x760x800 | D45: 1100 | E45: 7650 | F45: 0 | G45: 180 | H45: 760 | I45: 760 | J45: 800 | K45: SM_FF_MB_03_01
A46: MB-03 | B46: 2 | C46: SM_FF_CHAIR_LOUNGE_760x760x800 | D46: 2150 | E46: 7650 | F46: 0 | G46: 180 | H46: 760 | I46: 760 | J46: 800 | K46: SM_FF_MB_03_02
A47: MB-03 | B47: 3 | C47: SM_FF_CHAIR_LOUNGE_760x760x800 | D47: 1625 | E47: 7850 | F47: 0 | G47: 180 | H47: 380 | I47: 380 | J47: 800 | K47: SM_FF_MB_03_03
A48: MB-04 | B48: 1 | C48: SM_FF_BENCH_UPHOLSTERED_1300x450x450 | D48: 1685 | E48: 5783 | F48: 0 | G48: 90 | H48: 1300 | I48: 450 | J48: 450 | K48: SM_FF_MB_04_01
A49: MB-05 | B49: 1 | C49: SM_FF_MEDIA_CONSOLE_1600x400x500 | D49: 430 | E49: 5783 | F49: 0 | G49: 270 | H49: 1600 | I49: 400 | J49: 500 | K49: SM_FF_MB_05_01
A50: MB-06 | B50: 1 | C50: SM_FF_DESK_1000x500x750 | D50: 2800 | E50: 4045 | F50: 0 | G50: 180 | H50: 1000 | I50: 500 | J50: 750 | K50: SM_FF_MB_06_01
A51: MB-07 | B51: 1 | C51: SM_FF_PLANTER_TREE_500x500x1600 | D51: 480 | E51: 6950 | F51: 0 | G51: 0 | H51: 500 | I51: 500 | J51: 1600 | K51: SM_FF_MB_07_01
A52: MB-08 | B52: 1 | C52: SM_FF_ART_FRAME_850x40x600 | D52: 825 | E52: 3815 | F52: 1200 | G52: 0 | H52: 850 | I52: 40 | J52: 600 | K52: SM_FF_MB_08_01
A53: MB-09 | B53: 1 | C53: SM_FF_ART_FRAME_900x40x1200 | D53: 2800 | E53: 3815 | F53: 900 | G53: 0 | H53: 900 | I53: 40 | J53: 1200 | K53: SM_FF_MB_09_01
A54: MB-10 | B54: 1 | C54: SM_FF_ACCESSORY_250x250x150 | D54: 3600 | E54: 4450 | F54: auto (drop onto host) | G54: 0 | H54: 250 | I54: 250 | J54: 150 | K54: SM_FF_MB_10_01
A55: MB-11 | B55: 1 | C55: SM_FF_ACCESSORY_250x250x150 | D55: 3600 | E55: 7100 | F55: auto (drop onto host) | G55: 0 | H55: 250 | I55: 250 | J55: 150 | K55: SM_FF_MB_11_01
A56: MB-12 | B56: 1 | C56: SM_FF_ACCESSORY_250x250x150 | D56: 1625 | E56: 7850 | F56: auto (drop onto host) | G56: 0 | H56: 250 | I56: 250 | J56: 150 | K56: SM_FF_MB_12_01
A57: MB-13 | B57: 1 | C57: SM_FF_ACCESSORY_250x250x150 | D57: 2700 | E57: 4045 | F57: auto (drop onto host) | G57: 0 | H57: 250 | I57: 250 | J57: 150 | K57: SM_FF_MB_13_01
A58: MB-14 | B58: 1 | C58: SM_FF_ACCESSORY_250x250x150 | D58: 1685 | E58: 5783 | F58: auto (drop onto host) | G58: 0 | H58: 250 | I58: 250 | J58: 150 | K58: SM_FF_MB_14_01
A59: MB-15 | B59: 1 | C59: SM_FF_WALL_FEATURE_PANEL_2750x100x2700 | D59: 3990 | E59: 5775 | F59: 0 | G59: 90 | H59: 2750 | I59: 100 | J59: 2700 | K59: SM_FF_MB_15_01
A60: MB-16 | B60: 1 | C60: SM_FF_WALL_FEATURE_PANEL_2000x40x2700 | D60: 250 | E60: 5783 | F60: 0 | G60: 270 | H60: 2000 | I60: 40 | J60: 2700 | K60: SM_FF_MB_16_01
A61: MB-17 | B61: 1 | C61: SM_FF_MB_CEILING_TRAY | D61: 2575 | E61: 5800 | F61: 2950 | G61: 0 | H61: 2600 | I61: 2550 | J61: 200 | K61: SM_FF_MB_17_01
A62: MB-18 | B62: 1 | C62: SM_FF_MIRROR_900x30x900 | D62: 245 | E62: 7750 | F62: 1050 | G62: 270 | H62: 900 | I62: 30 | J62: 900 | K62: SM_FF_MB_18_01
A63: MB-19 | B63: 1 | C63: SM_FF_MB_FINISH_FLOOR | D63: 2135 | E63: 6036 | F63: 0 | G63: 0 | H63: 4482 | I63: 3810 | J63: 15 | K63: SM_FF_MB_19_01
A64: MB-20 | B64: 1 | C64: SM_FF_LIGHT_LINEAR_1900x40x40 | D64: 2950 | E64: 4750 | F64: 2750 | G64: 0 | H64: 1900 | I64: 40 | J64: 40 | K64: SM_FF_MB_20_01
A65: MB-20 | B65: 2 | C65: SM_FF_LIGHT_LINEAR_1900x40x40 | D65: 2950 | E65: 6820 | F65: 2750 | G65: 0 | H65: 1900 | I65: 40 | J65: 40 | K65: SM_FF_MB_20_02
A66: MB-21 | B66: 1 | C66: SM_FF_LIGHT_PENDANT_260x260x350 | D66: 3715 | E66: 4594 | F66: 2750 | G66: 0 | H66: 260 | I66: 260 | J66: 350 | K66: SM_FF_MB_21_01
A67: MB-21 | B67: 2 | C67: SM_FF_LIGHT_PENDANT_260x260x350 | D67: 3715 | E67: 6973 | F67: 2750 | G67: 0 | H67: 260 | I67: 260 | J67: 350 | K67: SM_FF_MB_21_02
A68: MB-22 | B68: 1 | C68: SM_FF_LIGHT_LED_STRIP_2020x1870x10 | D68: 2950 | E68: 5784 | F68: auto (drop onto host) | G68: 0 | H68: 2020 | I68: 1869 | J68: 10 | K68: SM_FF_MB_22_01
A69: MB-23 | B69: 1 | C69: SM_FF_LIGHT_FLOOR_LAMP_300x300x1500 | D69: 2650 | E69: 7750 | F69: 0 | G69: 0 | H69: 300 | I69: 300 | J69: 1500 | K69: SM_FF_MB_23_01
A70: MB-24 | B70: 1 | C70: SM_FF_CEILING_FAN_1200x1200x400 | D70: 1400 | E70: 6000 | F70: 2750 | G70: 0 | H70: 1200 | I70: 1200 | J70: 400 | K70: SM_FF_MB_24_01
A71: MB-25 | B71: 1 | C71: SM_FF_CURTAIN_2840x50x2700 | D71: 1680 | E71: 8254 | F71: 0 | G71: 180 | H71: 2840 | I71: 47 | J71: 2700 | K71: SM_FF_MB_25_01
A72: MB-26 | B72: 1 | C72: SM_FF_RUG_3000x2400x12 | D72: 2600 | E72: 5800 | F72: 0 | G72: 0 | H72: 3000 | I72: 2400 | J72: 12 | K72: SM_FF_MB_26_01
A73: MB-27 | B73: 1 | C73: SM_FF_SOFT_SET_250x250x150 | D73: 3000 | E73: 5783 | F73: auto (drop onto host) | G73: 0 | H73: 250 | I73: 250 | J73: 150 | K73: SM_FF_MB_27_01
A74: MW-01 | B74: 1 | C74: SM_FF_WARDROBE_3390x600x2700 | D74: 530 | E74: 1994 | F74: 0 | G74: 90 | H74: 3387 | I74: 600 | J74: 2700 | K74: SM_FF_MW_01_01
A75: MW-01 | B75: 2 | C75: SM_FF_WARDROBE_3390x600x2700 | D75: 1964 | E75: 2774 | F75: 0 | G75: 90 | H75: 600 | I75: 253 | J75: 2700 | K75: SM_FF_MW_01_02
A76: MW-02 | B76: 1 | C76: SM_FF_DRAWER_BANK_600x550x900 | D76: 1964 | E76: 975 | F76: 0 | G76: 0 | H76: 600 | I76: 550 | J76: 900 | K76: SM_FF_MW_02_01
A77: MW-03 | B77: 1 | C77: SM_FF_JOINERY_INSERT_250x250x0 | D77: 1964 | E77: 975 | F77: auto (drop onto host) | G77: 0 | H77: 250 | I77: 250 | J77: 0 | K77: SM_FF_MW_03_01
A78: MW-04 | B78: 1 | C78: SM_FF_SHOE_TOWER_600x470x2100 | D78: 1964 | E78: 465 | F78: 0 | G78: 0 | H78: 600 | I78: 470 | J78: 2100 | K78: SM_FF_MW_04_01
A79: MW-05 | B79: 1 | C79: SM_FF_JOINERY_INSERT_250x250x0 | D79: 530 | E79: 2600 | F79: auto (drop onto host) | G79: 0 | H79: 250 | I79: 250 | J79: 0 | K79: SM_FF_MW_05_01
A80: MW-06 | B80: 1 | C80: SM_FF_JOINERY_INSERT_250x250x0 | D80: 530 | E80: 700 | F80: auto (drop onto host) | G80: 0 | H80: 250 | I80: 250 | J80: 0 | K80: SM_FF_MW_06_01
A81: MW-07 | B81: 1 | C81: SM_FF_JOINERY_INSERT_250x250x0 | D81: 530 | E81: 3300 | F81: auto (drop onto host) | G81: 0 | H81: 250 | I81: 250 | J81: 0 | K81: SM_FF_MW_07_01
A82: MW-08 | B82: 1 | C82: SM_FF_POUF_ROUND_400x400x420 | D82: 1247 | E82: 950 | F82: 0 | G82: 0 | H82: 400 | I82: 400 | J82: 420 | K82: SM_FF_MW_08_01
A83: MW-09 | B83: 1 | C83: SM_FF_MIRROR_600x40x900 | D83: 1250 | E83: 250 | F83: 1050 | G83: 0 | H83: 600 | I83: 40 | J83: 900 | K83: SM_FF_MW_09_01
A84: MW-10 | B84: 1 | C84: SM_FF_ACCESSORY_250x250x150 | D84: 1964 | E84: 1150 | F84: auto (drop onto host) | G84: 0 | H84: 250 | I84: 250 | J84: 150 | K84: SM_FF_MW_10_01
A85: MW-11 | B85: 1 | C85: SM_FF_ACCESSORY_250x250x150 | D85: 1100 | E85: 3300 | F85: auto (drop onto host) | G85: 0 | H85: 250 | I85: 250 | J85: 150 | K85: SM_FF_MW_11_01
A86: MW-12 | B86: 1 | C86: SM_FF_ACCESSORY_250x250x150 | D86: 2100 | E86: 900 | F86: auto (drop onto host) | G86: 0 | H86: 250 | I86: 250 | J86: 150 | K86: SM_FF_MW_12_01
A87: MW-13 | B87: 1 | C87: SM_FF_ART_FRAME_450x40x600 | D87: 1125 | E87: 3667 | F87: 1200 | G87: 180 | H87: 450 | I87: 40 | J87: 600 | K87: SM_FF_MW_13_01
A88: MW-14 | B88: 1 | C88: SM_FF_MW_FINISH_WALL | D88: 1247 | E88: 1958 | F88: 0 | G88: 0 | H88: 3457 | I88: 2034 | J88: 0 | K88: SM_FF_MW_14_01
A89: MW-15 | B89: 1 | C89: SM_FF_JOINERY_INSERT_250x250x0 | D89: 830 | E89: 1800 | F89: auto (drop onto host) | G89: 0 | H89: 250 | I89: 250 | J89: 0 | K89: SM_FF_MW_15_01
A90: MW-16 | B90: 1 | C90: SM_FF_JOINERY_INSERT_250x250x0 | D90: 1964 | E90: 800 | F90: auto (drop onto host) | G90: 0 | H90: 250 | I90: 250 | J90: 0 | K90: SM_FF_MW_16_01
A91: MW-17 | B91: 1 | C91: SM_FF_MW_FINISH_FLOOR | D91: 1247 | E91: 1958 | F91: 0 | G91: 0 | H91: 3457 | I91: 2034 | J91: 15 | K91: SM_FF_MW_17_01
A92: MW-18 | B92: 1 | C92: SM_FF_LIGHT_LED_STRIP_3200x40x10 | D92: 835 | E92: 2000 | F92: auto (drop onto host) | G92: 0 | H92: 3200 | I92: 40 | J92: 10 | K92: SM_FF_MW_18_01
A93: MW-19 | B93: 1 | C93: SM_FF_LIGHT_LINEAR_2400x40x40 | D93: 1247 | E93: 2300 | F93: 2750 | G93: 0 | H93: 2400 | I93: 40 | J93: 40 | K93: SM_FF_MW_19_01
A94: MW-20 | B94: 1 | C94: SM_FF_LIGHT_SPOT_160x160x80 | D94: 1250 | E94: 340 | F94: 2750 | G94: 0 | H94: 160 | I94: 160 | J94: 80 | K94: SM_FF_MW_20_01
A95: MW-21 | B95: 1 | C95: SM_FF_RUG_2400x600x12 | D95: 1250 | E95: 2350 | F95: 0 | G95: 0 | H95: 2400 | I95: 600 | J95: 12 | K95: SM_FF_MW_21_01
A96: MT-01 | B96: 1 | C96: SM_FF_VANITY_1500x540x850 | D96: 3722 | E96: 1800 | F96: 0 | G96: 90 | H96: 1500 | I96: 545 | J96: 850 | K96: SM_FF_MT_01_01
A97: MT-02 | B97: 1 | C97: SM_FF_WC_WALLHUNG_500x380x400 | D97: 3200 | E97: 522 | F97: 0 | G97: 90 | H97: 495 | I97: 380 | J97: 400 | K97: SM_FF_MT_02_01
A98: MT-03 | B98: 1 | C98: SM_FF_SHOWER_ENCLOSURE_1600x950x2100 | D98: 3198 | E98: 3164 | F98: 0 | G98: 0 | H98: 1595 | I98: 953 | J98: 2100 | K98: SM_FF_MT_03_01
A99: MT-04 | B99: 1 | C99: SM_FF_SHOWER_BENCH_980x340x450 | D99: 2910 | E99: 3460 | F99: 0 | G99: 0 | H99: 980 | I99: 340 | J99: 450 | K99: SM_FF_MT_04_01
A100: MT-05 | B100: 1 | C100: SM_FF_TALL_CABINET_400x360x2100 | D100: 3798 | E100: 452 | F100: 0 | G100: 0 | H100: 395 | I100: 355 | J100: 2100 | K100: SM_FF_MT_05_01
...

Sheet Families
A1: Family | B1: Generator | C1: Host | D1: Default_H_mm | E1: Default_Params_JSON | F1: Construction recipe | G1: Items using
A2: BED_PLATFORM | B2: gen_bed | C2: floor | D2: 450 | E2: {"mattress_h": 250, "base_h": 200, "base_inset": 60, "leg": "recessed plinth 60", "bevel": 15, "duvet_drape": 120} | F2: Upholstered platform base on a recessed plinth; mattress block with 40 mm rounded edges; duvet/bed-runner layer draped 120 mm over the sides; 2–4 pillows generated from PILLOW sub-family. Headboard wall is a separate finish family. | G2: =COUNTIF(Items!$E:$E,A2) -> 3
A3: SIDE_TABLE | B3: gen_side_table | C3: floor | D3: 550 | E3: {"top_t": 25, "carcass": "box", "drawer_count": 1, "leg": "none", "top_material": "marble"} | F3: Box carcass with one drawer (3 mm shadow gap), separate stone/wood top slab with 3 mm edge bevel; optional brass legs (Ø16 tapered) when leg=brass. | G3: =COUNTIF(Items!$E:$E,A3) -> 3
A4: BENCH_UPHOLSTERED | B4: gen_bench | C4: floor | D4: 450 | E4: {"seat_t": 120, "leg_h": 180, "leg": "bronze sled", "piping": true} | F4: Upholstered seat block with piping on top edges, crowned top (+8 mm), on bronze sled legs (25×10 flat bar). | G4: =COUNTIF(Items!$E:$E,A4) -> 3
A5: CHAIR_BARREL_SWIVEL | B5: gen_chair_barrel | C5: floor | D5: 760 | E5: {"seat_h": 420, "back_h": 760, "shell_t": 90, "base": "swivel disc Ø450", "channels": 0} | F5: Lathe-swept barrel shell (260° wrap) solidified 90 mm, loose seat cushion, concealed swivel disc base; subdivision level 2. | G5: =COUNTIF(Items!$E:$E,A5) -> 1
A6: CHAIR_LOUNGE | B6: gen_chair_lounge | C6: floor | D6: 800 | E6: {"seat_h": 400, "back_h": 800, "arm": "rounded", "leg": "tapered bronze", "leg_h": 150} | F6: Club/lounge chair: sculpted shell or box body with rounded arms, loose seat cushion, 4 tapered bronze legs fitted into a sub-frame plate (no gaps). | G6: =COUNTIF(Items!$E:$E,A6) -> 3
A7: CHAIR_DESK | B7: gen_chair_desk | C7: floor | D7: 780 | E7: {"seat_h": 460, "back": "curved", "leg": "bronze 4-leg"} | F7: Compact bouclé desk chair: curved upholstered back, seat pad, 4 slim bronze legs with plate joints. | G7: =COUNTIF(Items!$E:$E,A7) -> 0
A8: SOFA_LOVESEAT | B8: gen_sofa | C8: floor | D8: 780 | E8: {"seat_h": 440, "seat_cushions": 2, "back_cushions": 2, "arm_w": 180, "plinth_inset": 60, "piping": true, "crown": 22, "back_tilt_deg": 12, "gap": 4} | F8: Same build as the GF sectional: recessed dark-bronze plinth, upholstered deck, frame with rolled top, crowned piped seat cushions, loose back cushions tilted 12°, 4 mm slot gaps, modifiers baked. | G8: =COUNTIF(Items!$E:$E,A8) -> 1
A9: TABLE_ROUND | B9: gen_table_round | C9: floor | D9: 420 | E9: {"top_t": 40, "base": "drum/pedestal", "edge": "eased 6"} | F9: Round top with eased edge on a drum or pedestal base; stone/travertine material with honed finish. | G9: =COUNTIF(Items!$E:$E,A9) -> 3
A10: TABLE_DRUM | B10: gen_table_drum | C10: floor | D10: 500 | E10: {"top_t": 20, "body": "walnut drum", "top_inset": 0} | F10: Cylindrical walnut drum body (vertical grain), marble top slab 20 mm with 2 mm bevel. | G10: =COUNTIF(Items!$E:$E,A10) -> 1
A11: CONSOLE | B11: gen_console | C11: floor | D11: 800 | E11: {"top_t": 40, "leg": "panel", "inlay": "brass 6 mm", "drawer_count": 0} | F11: Wall console: top slab + side panels or brass legs; optional solid-brass inlay strip routed 6 mm into the top; 20 mm wall stand-off. | G11: =COUNTIF(Items!$E:$E,A11) -> 2
A12: BOOKSHELF_LOW | B12: gen_bookshelf | C12: floor | D12: 900 | E12: {"shelves": 2, "bay_w": 480, "end_panels": "bronze-framed glass", "plinth": 60} | F12: Low walnut shelving: carcass 25 mm, adjustable shelves, bronze-framed glass end panels, recessed plinth. | G12: =COUNTIF(Items!$E:$E,A12) -> 1
A13: MEDIA_CONSOLE | B13: gen_media_console | C13: floor | D13: 450 | E13: {"type": "floating", "fronts": "flush", "tv_size_in": 75, "tv_recess_depth": 60} | F13: Slim walnut media console (floating or on brass legs) with flush push-open fronts; TV generated as a black-glass slab recessed into the host panel. | G13: =COUNTIF(Items!$E:$E,A13) -> 2
... A61: SOFT_SET | B61: gen_soft_set | C61: host | D61: 150 | E61: {"items": "auto"} | F61: Cushions / throws / bed runner / towels / bath mat generated from the soft-furnishing kit onto the host. | G61: =COUNTIF(Items!$E:$E,A61) -> 12
F62: Total items mapped to a family | G62: =SUM(G2:G61) -> 259

Sheet Materials
A1: Material | B1: Base colour (hex) | C1: Swatch | D1: Roughness | E1: Metallic | F1: Notes / texture set | G1: Used by items
A2: M_Walnut | B2: #5c3b26 | D2: 0.42 | E2: 0 | F2: Walnut veneer, hand-oiled; PBR set: BaseColor/Normal/Roughness, grain direction from object axis | G2: =COUNTIF(Items!$R:$R,"*"&A2&"*") -> 25
A3: M_Oak_Light | B3: #c3a27a | D3: 0.5 | E3: 0 | F3: Light oak veneer / engineered oak | G3: =COUNTIF(Items!$R:$R,"*"&A3&"*") -> 11
A4: M_Oak_Herringbone | B4: #b48e63 | D4: 0.45 | E4: 0 | F4: Engineered herringbone oak 600×90, hand-oiled | G4: =COUNTIF(Items!$R:$R,"*"&A4&"*") -> 4
A5: M_Teak_Outdoor | B5: #9a6a40 | D5: 0.6 | E5: 0 | F5: Teak / ipe outdoor grade | G5: =COUNTIF(Items!$R:$R,"*"&A5&"*") -> 10
A6: M_Velvet_Cream | B6: #e7ddcf | D6: 0.55 | E6: 0 | F6: Crushed velvet, sheen 1.0 — same as GF sectional | G6: =COUNTIF(Items!$R:$R,"*"&A6&"*") -> 10
A7: M_Velvet_Taupe | B7: #b5a48f | D7: 0.55 | E7: 0 | F7: Velvet benches / taupe headboards | G7: =COUNTIF(Items!$R:$R,"*"&A7&"*") -> 3
A8: M_Velvet_Greige | B8: #cfc6b8 | D8: 0.55 | E8: 0 | F8: Bedroom-2 headboard | G8: =COUNTIF(Items!$R:$R,"*"&A8&"*") -> 3
A9: M_Velvet_Charcoal | B9: #2b2b2e | D9: 0.5 | E9: 0 | F9: Accent cushions | G9: =COUNTIF(Items!$R:$R,"*"&A9&"*") -> 1
A10: M_Boucle_Grey | B10: #d9d3c9 | D10: 0.95 | E10: 0 | F10: Bouclé loop normal + sheen | G10: =COUNTIF(Items!$R:$R,"*"&A10&"*") -> 11
A11: M_Boucle_Olive | B11: #7f8a62 | D11: 0.95 | E11: 0 | F11: Olive bouclé | G11: =COUNTIF(Items!$R:$R,"*"&A11&"*") -> 2
A12: M_Marble_GreenVein | B12: #3f5a45 | D12: 0.18 | E12: 0 | F12: Green marble (master headboard flanks) | G12: =COUNTIF(Items!$R:$R,"*"&A12&"*") -> 1
A13: M_Marble_CalacattaViola | B13: #e7dce3 | D13: 0.2 | E13: 0 | F13: Calacatta Viola (bath tops, feature walls, niches) | G13: =COUNTIF(Items!$R:$R,"*"&A13&"*") -> 8
... A35: M_Moss_Preserved | B35: #5f7a5a | D35: 0.95 | E35: 0 | F35: Moss panel | G35: =COUNTIF(Items!$R:$R,"*"&A35&"*") -> 1

Sheet Gen_Prompts
A1: # | B1: Mesh family | C1: Prompt (paste into the Blender-connected Claude console)
A2: 1 | B2: BED_PLATFORM | C2: TASK: Generate the bed platform family — 3 item(s), meshes only. CONTEXT You are connected to a live Blender session. Generate MESH GEOMETRY ONLY for first-floor items, family by family, from first principles: write your own clean parametric Python generator for this family (one function, parameters in → mesh out) using bpy/bmesh. Do not use, import or look for any existing asset library or scripts. No materials, no material slots, no textures, no shaders, no lights. MESH RULES - Units: parameters in millimetres; Blender scene in metres (1 mm = 0.001). - Local frame of every asset: Z up, FRONT facing −Y, origin = bottom-centre of the footprint (floor items), back-centre on the wall plane (wall items), top-centre at the mount point (ceiling-hung items). Room-wide items (floors, wall skins, soffits, panel systems) are built directly in plan coordinates. - Quality: closed, manifold solids wherever the object is solid; consistent outward normals; no zero-area faces or loose vertices; no interpenetrating parts inside one asset; soft edges by real bevels / subdivision that you APPLY (no live modifiers left); scale applied (1,1,1); triangle budget ≈ 5–40k per furniture asset, ≤ 5k for small accessories. - Keep logical parts as separate named objects parented to the asset root (e.g. frame, cushion, top, legs, glass) so materials can be assigned later — but assign none. - UVs: add one UV map with a simple real-world box projection (1 UV unit = 1 m) so the mesh is ready for later texturing. Smooth shading with sharp edges marked above 30°. - Material words in item names (walnut, marble, velvet, brass…) identify the item only — ignore them for geometry. PLACEMENT RULES - Plan coordinates X, Y in mm on the first-floor plan (X east, Y north) → Blender X = X/1000, Y = Y/1000. - First-floor finished floor level FFL = +3.348 m. Z values are relative to FFL ("host" = snap onto the top of the object under that point). - Put the asset origin on the listed point, then rotate about Z by rot_z so the front faces the listed direction (S = 0°, E = 90°, N = 180°, W = 270°). - Items with several placements: build the mesh ONCE and place linked duplicates (shared mesh data). - Naming: asset root SM_FF_<CODE>_<NN> (e.g. SM_FF_UL_01_02); mesh data SM_FF_<FAMILY>_<CODE>. Collections: FF_Meshes › FF_<SpaceCode> (UL, VO, MB, MW, MT, B1, BW, BT, B2, B2T, LB, SB, ST, LL). - After placing, check bounding-box overlaps > 2 mm between new assets and with existing scene geometry; list them, do not move anything silently. REPORT AT THE END (table): code · built OK / failed · instances placed · triangle count · manifold yes/no · overlaps. Save a copy of the .blend as FF_<FAMILY>_meshes.blend (do not overwrite the open file). FAMILY GENERATOR — BED_PLATFORM Write a function build_bed_platform(**params) that returns the asset root. Geometry recipe: Platform base: rounded box (L×W×base_h) with 15 mm edge radius, set back base_inset from a recessed plinth (60 mm high, inset 60). Mattress: rounded box W−80 × L−80 × mattress_h, 40 mm corner radius, on the base. Duvet: thin surface (20 mm) over the mattress top, draped 120 mm down the sides and foot with soft folds (low-frequency displacement 4–6 mm), turned down 350 mm at the head. Pillows: 2–4 pillow volumes (pillow_w 700 × 450 × 160, crowned) leaning 15° at the head. Head is at +Y, foot (front) at −Y. Headboard walls are separate items. Default parameters (mm): {"mattress_h": 250, "base_h": 200, "base_inset": 60, "leg": "recessed plinth 60", "bevel": 15, "duvet_drape": 120, "H": 450} Host type: floor. ITEMS 1. MB-01 — Master bedroom — King bed 1829×1981 with full-height upholstered headboard wall size L×W×H: 1980 × 1829 × 450 mm | parameters: {"mattress_h": 250, "base_h": 200, "base_inset": 60, "leg": "recessed plinth 60", "bevel": 15, "duvet_drape": 120} placements: #01 X 2950 Y 5784 Z FFL+0 | front faces: W → rot_z 270° 2. B1-01 — Bedroom-1 — King bed 1829×1981 with walnut-slat headboard and taupe fabric panels size L×W×H: 1981 × 1829 × 450 mm | parameters: {"mattress_h": 250, "base_h": 200, "base_inset": 60, "leg": "recessed plinth 60", "bevel": 15, "duvet_drape": 120} placements: #01 X 9348 Y 1320 Z FFL+0 | front faces: N → rot_z 180° 3. B2-01 — Bedroom-2 (+ vestibule) — Queen bed 1524×1981 with greige velvet upholstered headboard and bronze trim size L×W×H: 1981 × 1524 × 450 mm | parameters: {"mattress_h": 250, "base_h": 200, "base_inset": 60, "leg": "recessed plinth 60", "bevel": 15, "duvet_drape": 120} placements: #01 X 9410 Y 9598 Z FFL+0 | front faces: N → rot_z 180° Build the generator, test it on the first item, then build and place all items in order. Ask me only if a placement point clearly falls outside the building.
A3: 2 | B3: SIDE_TABLE | C3: TASK: Generate the side table family — 3 item(s), meshes only. CONTEXT You are connected to a live Blender session. Generate MESH GEOMETRY ONLY for first-floor items, family by family, from first principles: write your own clean parametric Python generator for this family (one function, parameters in → mesh out) using bpy/bmesh. Do not use, import or look for any existing asset library or scripts. No materials, no material slots, no textures, no shaders, no lights. MESH RULES - Units: parameters in millimetres; Blender scene in metres (1 mm = 0.001). - Local frame of every asset: Z up, FRONT facing −Y, origin = bottom-centre of the footprint (floor items), back-centre on the wall plane (wall items), top-centre at the mount point (ceiling-hung items). Room-wide items (floors, wall skins, soffits, panel systems) are built directly in plan coordinates. - Quality: closed, manifold solids wherever the object is solid; consistent outward normals; no zero-area faces or loose vertices; no interpenetrating parts inside one asset; soft edges by real bevels / subdivision that you APPLY (no live modifiers left); scale applied (1,1,1); triangle budget ≈ 5–40k per furniture asset, ≤ 5k for small accessories. - Keep logical parts as separate named objects parented to the asset root (e.g. frame, cushion, top, legs, glass) so materials can be assigned later — but assign none. - UVs: add one UV map with a simple real-world box projection (1 UV unit = 1 m) so the mesh is ready for later texturing. Smooth shading with sharp edges marked above 30°. - Material words in item names (walnut, marble, velvet, brass…) identify the item only — ignore them for geometry. PLACEMENT RULES - Plan coordinates X, Y in mm on the first-floor plan (X east, Y north) → Blender X = X/1000, Y = Y/1000. - First-floor finished floor level FFL = +3.348 m. Z values are relative to FFL ("host" = snap onto the top of the object under that point). - Put the asset origin on the listed point, then rotate about Z by rot_z so the front faces the listed direction (S = 0°, E = 90°, N = 180°, W = 270°). - Items with several placements: build the mesh ONCE and place linked duplicates (shared mesh data). - Naming: asset root SM_FF_<CODE>_<NN> (e.g. SM_FF_UL_01_02); mesh data SM_FF_<FAMILY>_<CODE>. Collections: FF_Meshes › FF_<SpaceCode> (UL, VO, MB, MW, MT, B1, BW, BT, B2, B2T, LB, SB, ST, LL). - After placing, check bounding-box overlaps > 2 mm between new assets and with existing scene geometry; list them, do not move anything silently. REPORT AT THE END (table): code · built OK / failed · instances placed · triangle count · manifold yes/no · overlaps. Save a copy of the .blend as FF_<FAMILY>_meshes.blend (do not overwrite the open file). FAMILY GENERATOR — SIDE_TABLE Write a function build_side_table(**params) that returns the asset root. Geometry recipe: Carcass box L×W×(H−top_t) with a 3 mm shadow-gap drawer front (or door) on the −Y face; separate top slab top_t with 3 mm bevel, flush or 10 mm overhang. leg='brass': replace carcass with a top + 4 tapered round legs Ø16→Ø10 inset 40. Default parameters (mm): {"top_t": 25, "carcass": "box", "drawer_count": 1, "leg": "none", "top_material": "marble", "H": 550} Host type: floor. ITEMS 1. MB-02 — Master bedroom — Walnut side tables ×2 with marble tops size L×W×H: 450 × 450 × 550 mm | parameters: {"top_t": 25, "drawer_count": 1, "leg": "none"} placements: #01 X 3715 Y 4594 Z FFL+0; #02 X 3715 Y 6973 Z FFL+0 | front faces: any → rot_z 0° 2. B1-02 — Bedroom-1 — Walnut side tables ×2 with marble tops size L×W×H: 450 × 450 × 550 mm | parameters: {"top_t": 25, "drawer_count": 1, "leg": "none"} placements: #01 X 8158 Y 555 Z FFL+0; #02 X 10537 Y 555 Z FFL+0 | front faces: any → rot_z 0° 3. B2-02 — Bedroom-2 (+ vestibule) — Oak side tables ×2 on brass legs size L×W×H: 450 × 450 × 550 mm | parameters: {"top_t": 25, "drawer_count": 1, "leg": "default"} placements: #01 X 8373 Y 8832 Z FFL+0; #02 X 10447 Y 8832 Z FFL+0 | front faces: any → rot_z 0° Build the generator, test it on the first item, then build and place all items in order. Ask me only if a placement point clearly falls outside the building.
A4: 3 | B4: BENCH_UPHOLSTERED | C4: TASK: Generate the bench upholstered family — 3 item(s), meshes only. CONTEXT You are connected to a live Blender session. Generate MESH GEOMETRY ONLY for first-floor items, family by family, from first principles: write your own clean parametric Python generator for this family (one function, parameters in → mesh out) using bpy/bmesh. Do not use, import or look for any existing asset library or scripts. No materials, no material slots, no textures, no shaders, no lights. MESH RULES - Units: parameters in millimetres; Blender scene in metres (1 mm = 0.001). - Local frame of every asset: Z up, FRONT facing −Y, origin = bottom-centre of the footprint (floor items), back-centre on the wall plane (wall items), top-centre at the mount point (ceiling-hung items). Room-wide items (floors, wall skins, soffits, panel systems) are built directly in plan coordinates. - Quality: closed, manifold solids wherever the object is solid; consistent outward normals; no zero-area faces or loose vertices; no interpenetrating parts inside one asset; soft edges by real bevels / subdivision that you APPLY (no live modifiers left); scale applied (1,1,1); triangle budget ≈ 5–40k per furniture asset, ≤ 5k for small accessories. - Keep logical parts as separate named objects parented to the asset root (e.g. frame, cushion, top, legs, glass) so materials can be assigned later — but assign none. - UVs: add one UV map with a simple real-world box projection (1 UV unit = 1 m) so the mesh is ready for later texturing. Smooth shading with sharp edges marked above 30°. - Material words in item names (walnut, marble, velvet, brass…) identify the item only — ignore them for geometry. PLACEMENT RULES - Plan coordinates X, Y in mm on the first-floor plan (X east, Y north) → Blender X = X/1000, Y = Y/1000. - First-floor finished floor level FFL = +3.348 m. Z values are relative to FFL ("host" = snap onto the top of the object under that point). - Put the asset origin on the listed point, then rotate about Z by rot_z so the front faces the listed direction (S = 0°, E = 90°, N = 180°, W = 270°). - Items with several placements: build the mesh ONCE and place linked duplicates (shared mesh data). - Naming: asset root SM_FF_<CODE>_<NN> (e.g. SM_FF_UL_01_02); mesh data SM_FF_<FAMILY>_<CODE>. Collections: FF_Meshes › FF_<SpaceCode> (UL, VO, MB, MW, MT, B1, BW, BT, B2, B2T, LB, SB, ST, LL). - After placing, check bounding-box overlaps > 2 mm between new assets and with existing scene geometry; list them, do not move anything silently. REPORT AT THE END (table): code · built OK / failed · instances placed · triangle count · manifold yes/no · overlaps. Save a copy of the .blend as FF_<FAMILY>_meshes.blend (do not overwrite the open file). FAMILY GENERATOR — BENCH_UPHOLSTERED Write a function build_bench_upholstered(**params) that returns the asset root. Geometry recipe: Upholstered seat block L×W×seat_t, 20 mm rounded edges, crowned top (+8 mm) and slight side bulge (3 mm); piping tube Ø6 along the top perimeter; two sled legs from 25×10 flat bar (U-shape) under the block, leg_h high, inset 60 from the ends. Default parameters (mm): {"seat_t": 120, "leg_h": 180, "leg": "bronze sled", "piping": true, "H": 450} Host type: floor. ITEMS 1. MB-04 — Master bedroom — Velvet bench at the bed foot size L×W×H: 1300 × 450 × 450 mm | parameters: {"seat_t": 120, "leg_h": 180, "leg": "sled", "piping": true} placements: #01 X 1685 Y 5783 Z FFL+0 | front faces: any → rot_z 0° 2. B1-05 — Bedroom-1 — Velvet bench at the bed foot size L×W×H: 1300 × 450 × 450 mm | parameters: {"seat_t": 120, "leg_h": 180, "leg": "sled", "piping": true} placements: #01 X 9348 Y 2586 Z FFL+0 | front faces: any → rot_z 0° 3. B2-06 — Bedroom-2 (+ vestibule) — Velvet bench at the bed foot size L×W×H: 1200 × 400 × 450 mm | parameters: {"seat_t": 120, "leg_h": 180, "leg": "sled", "piping": true} placements: #01 X 9410 Y 10838 Z FFL+0 | front faces: any → rot_z 0° Build the generator, test it on the first item, then build and place all items in order. Ask me only if a placement point clearly falls outside the building.
A5: 4 | B5: CHAIR_BARREL_SWIVEL | C5: TASK: Generate the chair barrel swivel family — 1 item(s), meshes only. CONTEXT You are connected to a live Blender session. Generate MESH GEOMETRY ONLY for first-floor items, family by family, from first principles: write your own clean parametric Python generator for this family (one function, parameters in → mesh out) using bpy/bmesh. Do not use, import or look for any existing asset library or scripts. No materials, no material slots, no textures, no shaders, no lights. MESH RULES - Units: parameters in millimetres; Blender scene in metres (1 mm = 0.001). - Local frame of every asset: Z up, FRONT facing −Y, origin = bottom-centre of the footprint (floor items), back-centre on the wall plane (wall items), top-centre at the mount point (ceiling-hung items). Room-wide items (floors, wall skins, soffits, panel systems) are built directly in plan coordinates. - Quality: closed, manifold solids wherever the object is solid; consistent outward normals; no zero-area faces or loose vertices; no interpenetrating parts inside one asset; soft edges by real bevels / subdivision that you APPLY (no live modifiers left); scale applied (1,1,1); triangle budget ≈ 5–40k per furniture asset, ≤ 5k for small accessories. - Keep logical parts as separate named objects parented to the asset root (e.g. frame, cushion, top, legs, glass) so materials can be assigned later — but assign none. - UVs: add one UV map with a simple real-world box projection (1 UV unit = 1 m) so the mesh is ready for later texturing. Smooth shading with sharp edges marked above 30°. - Material words in item names (walnut, marble, velvet, brass…) identify the item only — ignore them for geometry. PLACEMENT RULES - Plan coordinates X, Y in mm on the first-floor plan (X east, Y north) → Blender X = X/1000, Y = Y/1000. - First-floor finished floor level FFL = +3.348 m. Z values are relative to FFL ("host" = snap onto the top of the object under that point). - Put the asset origin on the listed point, then rotate about Z by rot_z so the front faces the listed direction (S = 0°, E = 90°, N = 180°, W = 270°). - Items with several placements: build the mesh ONCE and place linked duplicates (shared mesh data). - Naming: asset root SM_FF_<CODE>_<NN> (e.g. SM_FF_UL_01_02); mesh data SM_FF_<FAMILY>_<CODE>. Collections: FF_Meshes › FF_<SpaceCode> (UL, VO, MB, MW, MT, B1, BW, BT, B2, B2T, LB, SB, ST, LL). - After placing, check bounding-box overlaps > 2 mm between new assets and with existing scene geometry; list them, do not move anything silently. REPORT AT THE END (table): code · built OK / failed · instances placed · triangle count · manifold yes/no · overlaps. Save a copy of the .blend as FF_<FAMILY>_meshes.blend (do not overwrite the open file). FAMILY GENERATOR — CHAIR_BARREL_SWIVEL Write a function build_chair_barrel_swivel(**params) that returns the asset root. Geometry recipe: Barrel shell: sweep a profile (seat 420 → back 760, 90 mm thick, rounded top) around a 260° arc opening to −Y; solid closed shell. Loose seat cushion (Ø fit, 120 thick, crowned 15). Base: concealed disc Ø450 × 60 under a 20 mm recess so the shell floats. Subdivide 2 and bake. Default parameters (mm): {"seat_h": 420, "back_h": 760, "shell_t": 90, "base": "swivel disc Ø450", "channels": 0, "H": 760} Host type: floor. ITEMS 1. UL-01 — Upper lounge — Pair of bouclé swivel barrel chairs size L×W×H: 820 × 820 × 760 mm | parameters: {"seat_h": 420, "back_h": 760, "shell_t": 90, "base": "swivel disc Ø450", "channels": 0} placements: #01 X 7550 Y 5750 Z FFL+0; #02 X 7550 Y 6850 Z FFL+0 | front faces: W → rot_z 270° Build the generator, test it on the first item, then build and place all items in order. Ask me only if a placement point clearly falls outside the building.
A6: 5 | B6: CHAIR_LOUNGE | C6: TASK: Generate the chair lounge family — 3 item(s), meshes only. CONTEXT You are connected to a live Blender session. Generate MESH GEOMETRY ONLY for first-floor items, family by family, from first principles: write your own clean parametric Python generator for this family (one function, parameters in → mesh out) using bpy/bmesh. Do not use, import or look for any existing asset library or scripts. No materials, no material slots, no textures, no shaders, no lights. MESH RULES - Units: parameters in millimetres; Blender scene in metres (1 mm = 0.001). - Local frame of every asset: Z up, FRONT facing −Y, origin = bottom-centre of the footprint (floor items), back-centre on the wall plane (wall items), top-centre at the mount point (ceiling-hung items). Room-wide items (floors, wall skins, soffits, panel systems) are built directly in plan coordinates. - Quality: closed, manifold solids wherever the object is solid; consistent outward normals; no zero-area faces or loose vertices; no interpenetrating parts inside one asset; soft edges by real bevels / subdivision that you APPLY (no live modifiers left); scale applied (1,1,1); triangle budget ≈ 5–40k per furniture asset, ≤ 5k for small accessories. - Keep logical parts as separate named objects parented to the asset root (e.g. frame, cushion, top, legs, glass) so materials can be assigned later — but assign none. - UVs: add one UV map with a simple real-world box projection (1 UV unit = 1 m) so the mesh is ready for later texturing. Smooth shading with sharp edges marked above 30°. - Material words in item names (walnut, marble, velvet, brass…) identify the item only — ignore them for geometry. PLACEMENT RULES - Plan coordinates X, Y in mm on the first-floor plan (X east, Y north) → Blender X = X/1000, Y = Y/1000. - First-floor finished floor level FFL = +3.348 m. Z values are relative to FFL ("host" = snap onto the top of the object under that point). - Put the asset origin on the listed point, then rotate about Z by rot_z so the front faces the listed direction (S = 0°, E = 90°, N = 180°, W = 270°). - Items with several placements: build the mesh ONCE and place linked duplicates (shared mesh data). - Naming: asset root SM_FF_<CODE>_<NN> (e.g. SM_FF_UL_01_02); mesh data SM_FF_<FAMILY>_<CODE>. Collections: FF_Meshes › FF_<SpaceCode> (UL, VO, MB, MW, MT, B1, BW, BT, B2, B2T, LB, SB, ST, LL). - After placing, check bounding-box overlaps > 2 mm between new assets and with existing scene geometry; list them, do not move anything silently. REPORT AT THE END (table): code · built OK / failed · instances placed · triangle count · manifold yes/no · overlaps. Save a copy of the .blend as FF_<FAMILY>_meshes.blend (do not overwrite the open file). FAMILY GENERATOR — CHAIR_LOUNGE Write a function build_chair_lounge(**params) that returns the asset root. Geometry recipe: Sculpted shell or box body with rounded arms (arm top 580–600), loose seat cushion at seat_h, back to back_h; 4 tapered legs Ø35→Ø20, leg_h, splayed 6°, fitted into a sub-frame plate that is embedded 4 mm into the body (no gaps); or a 60 mm plinth if leg='plinth'. Default parameters (mm): {"seat_h": 400, "back_h": 800, "arm": "rounded", "leg": "tapered bronze", "leg_h": 150, "H": 800} Host type: floor. ITEMS 1. MB-03 — Master bedroom — 2 olive bouclé lounge chairs with bronze side table size L×W×H: 760 × 760 × 800 mm | parameters: {"seat_h": 400, "back_h": 800, "arm": "rounded", "leg": "tapered", "leg_h": 150} placements: #01 X 1100 Y 7650 Z FFL+0; #02 X 2150 Y 7650 Z FFL+0; #03 X 1625 Y 7850 Z FFL+0 (footprint 380×380) | front faces: S → rot_z 0° fit note: by the balcony glazing; access via the right-hand sliding panel 2. B1-04 — Bedroom-1 — Velvet corner lounge chair with brass reading lamp size L×W×H: 760 × 760 × 800 mm | parameters: {"seat_h": 400, "back_h": 800, "arm": "rounded", "leg": "tapered", "leg_h": 150} placements: #01 X 7100 Y 700 Z FFL+0 | front faces: NE → rot_z 135° 3. B2-05 — Bedroom-2 (+ vestibule) — Olive bouclé lounge chair by the balcony door size L×W×H: 750 × 750 × 800 mm | parameters: {"seat_h": 400, "back_h": 800, "arm": "rounded", "leg": "tapered", "leg_h": 150} placements: #01 X 11050 Y 10475 Z FFL+0 | front faces: W → rot_z 270° Build the generator, test it on the first item, then build and place all items in order. Ask me only if a placement point clearly falls outside the building.
A7: 6 | B7: SOFA_LOVESEAT | C7: TASK: Generate the sofa loveseat family — 1 item(s), meshes only. CONTEXT You are connected to a live Blender session. Generate MESH GEOMETRY ONLY for first-floor items, family by family, from first principles: write your own clean parametric Python generator for this family (one function, parameters in → mesh out) using bpy/bmesh. Do not use, import or look for any existing asset library or scripts. No materials, no material slots, no textures, no shaders, no lights. MESH RULES - Units: parameters in millimetres; Blender scene in metres (1 mm = 0.001). - Local frame of every asset: Z up, FRONT facing −Y, origin = bottom-centre of the footprint (floor items), back-centre on the wall plane (wall items), top-centre at the mount point (ceiling-hung items). Room-wide items (floors, wall skins, soffits, panel systems) are built directly in plan coordinates. - Quality: closed, manifold solids wherever the object is solid; consistent outward normals; no zero-area faces or loose vertices; no interpenetrating parts inside one asset; soft edges by real bevels / subdivision that you APPLY (no live modifiers left); scale applied (1,1,1); triangle budget ≈ 5–40k per furniture asset, ≤ 5k for small accessories. - Keep logical parts as separate named objects parented to the asset root (e.g. frame, cushion, top, legs, glass) so materials can be assigned later — but assign none. - UVs: add one UV map with a simple real-world box projection (1 UV unit = 1 m) so the mesh is ready for later texturing. Smooth shading with sharp edges marked above 30°. - Material words in item names (walnut, marble, velvet, brass…) identify the item only — ignore them for geometry. PLACEMENT RULES - Plan coordinates X, Y in mm on the first-floor plan (X east, Y north) → Blender X = X/1000, Y = Y/1000. - First-floor finished floor level FFL = +3.348 m. Z values are relative to FFL ("host" = snap onto the top of the object under that point). - Put the asset origin on the listed point, then rotate about Z by rot_z so the front faces the listed direction (S = 0°, E = 90°, N = 180°, W = 270°). - Items with several placements: build the mesh ONCE and place linked duplicates (shared mesh data). - Naming: asset root SM_FF_<CODE>_<NN> (e.g. SM_FF_UL_01_02); mesh data SM_FF_<FAMILY>_<CODE>. Collections: FF_Meshes › FF_<SpaceCode> (UL, VO, MB, MW, MT, B1, BW, BT, B2, B2T, LB, SB, ST, LL). - After placing, check bounding-box overlaps > 2 mm between new assets and with existing scene geometry; list them, do not move anything silently. REPORT AT THE END (table): code · built OK / failed · instances placed · triangle count · manifold yes/no · overlaps. Save a copy of the .blend as FF_<FAMILY>_meshes.blend (do not overwrite the open file). FAMILY GENERATOR — SOFA_LOVESEAT Write a function build_sofa_loveseat(**params) that returns the asset root. Geometry recipe: Recessed plinth (60 high, inset plinth_inset); upholstered deck L×W×200 with rolled edges; back frame (180 deep, to 700) and low arms (arm_w, to 570) as rounded boxes; seat_cushions crowned (+crown) with side bulge and piping tubes Ø5 top and bottom; back_cushions loose, tilted back_tilt_deg; every part fitted in its own slot with gap mm between neighbours, then smoothing/creases baked (no modifiers left). Default parameters (mm): {"seat_h": 440, "seat_cushions": 2, "back_cushions": 2, "arm_w": 180, "plinth_inset": 60, "piping": true, "crown": 22, "back_tilt_deg": 12, "gap": 4, "H": 780} Host type: floor. ITEMS 1. UL-05 — Upper lounge — Cream velvet loveseat 1600×850 size L×W×H: 1600 × 850 × 780 mm | parameters: {"seat_h": 440, "seat_cushions": 2, "back_cushions": 2, "arm_w": 180, "plinth_inset": 60, "piping": true, "crown": 22, "back_tilt_deg": 12, "gap": 4} placements: #01 X 5575 Y 6300 Z FFL+0 | front faces: E → rot_z 90° fit note: faces the void (keeps the vestibule door clear) Build the generator, test it on the first item, then build and place all items in order. Ask me only if a placement point clearly falls outside the building.
A8: 7 | B8: TABLE_ROUND | C8: TASK: Generate the table round family — 3 item(s), meshes only. CONTEXT You are connected to a live Blender session. Generate MESH GEOMETRY ONLY for first-floor items, family by family, from first principles: write your own clean parametric Python generator for this family (one function, parameters in → mesh out) using bpy/bmesh. Do not use, import or look for any existing asset library or scripts. No materials, no material slots, no textures, no shaders, no lights. MESH RULES - Units: parameters in millimetres; Blender scene in metres (1 mm = 0.001). - Local frame of every asset: Z up, FRONT facing −Y, origin = bottom-centre of the footprint (floor items), back-centre on the wall plane (wall items), top-centre at the mount point (ceiling-hung items). Room-wide items (floors, wall skins, soffits, panel systems) are built directly in plan coordinates. - Quality: closed, manifold solids wherever the object is solid; consistent outward normals; no zero-area faces or loose vertices; no interpenetrating parts inside one asset; soft edges by real bevels / subdivision that you APPLY (no live modifiers left); scale applied (1,1,1); triangle budget ≈ 5–40k per furniture asset, ≤ 5k for small accessories. - Keep logical parts as separate named objects parented to the asset root (e.g. frame, cushion, top, legs, glass) so materials can be assigned later — but assign none. - UVs: add one UV map with a simple real-world box projection (1 UV unit = 1 m) so the mesh is ready for later texturing. Smooth shading with sharp edges marked above 30°. - Material words in item names (walnut, marble, velvet, brass…) identify the item only — ignore them for geometry. PLACEMENT RULES - Plan coordinates X, Y in mm on the first-floor plan (X east, Y north) → Blender X = X/1000, Y = Y/1000. - First-floor finished floor level FFL = +3.348 m. Z values are relative to FFL ("host" = snap onto the top of the object under that point). - Put the asset origin on the listed point, then rotate about Z by rot_z so the front faces the listed direction (S = 0°, E = 90°, N = 180°, W = 270°). - Items with several placements: build the mesh ONCE and place linked duplicates (shared mesh data). - Naming: asset root SM_FF_<CODE>_<NN> (e.g. SM_FF_UL_01_02); mesh data SM_FF_<FAMILY>_<CODE>. Collections: FF_Meshes › FF_<SpaceCode> (UL, VO, MB, MW, MT, B1, BW, BT, B2, B2T, LB, SB, ST, LL). - After placing, check bounding-box overlaps > 2 mm between new assets and with existing scene geometry; list them, do not move anything silently. REPORT AT THE END (table): code · built OK / failed · instances placed · triangle count · manifold yes/no · overlaps. Save a copy of the .blend as FF_<FAMILY>_meshes.blend (do not overwrite the open file). FAMILY GENERATOR — TABLE_ROUND Write a function build_table_round(**params) that returns the asset root. Geometry recipe: Round top Ø=L, top_t thick, 6 mm eased edge; base per 'base': drum = cylinder Ø0.9·L to the underside; pedestal = column Ø140 on a disc plinth Ø0.6·L × 20. Default parameters (mm): {"top_t": 40, "base": "drum/pedestal", "edge": "eased 6", "H": 420} Host type: floor. ITEMS 1. UL-02 — Upper lounge — Round travertine coffee table Ø700 size L×W×H: 700 × 700 × 400 mm | parameters: {"top_t": 40, "base": "drum", "edge": "eased 6"} placements: #01 X 6750 Y 6300 Z FFL+0 | front faces: any → rot_z 0° 2. LB-02 — Large balcony — Round stone table size L×W×H: 650 × 650 × 450 mm | parameters: {"top_t": 40, "base": "pedestal", "edge": "eased 6"} placements: #01 X 2100 Y 9900 Z FFL+0 | front faces: any → rot_z 0° 3. SB-02 — Small balcony — Side table Ø400 with stone top size L×W×H: 400 × 400 × 450 mm | parameters: {"top_t": 40, "base": "default", "edge": "eased 6"} placements: #01 X 12200 Y 10320 Z FFL+0 | front faces: any → rot_z 0° Build the generator, test it on the first item, then build and place all items in order. Ask me only if a placement point clearly falls outside the building.
A9: 8 | B9: TABLE_DRUM | C9: TASK: Generate the table drum family — 1 item(s), meshes only. CONTEXT You are connected to a live Blender session. Generate MESH GEOMETRY ONLY for first-floor items, family by family, from first principles: write your own clean parametric Python generator for this family (one function, parameters in → mesh out) using bpy/bmesh. Do not use, import or look for any existing asset library or scripts. No materials, no material slots, no textures, no shaders, no lights. MESH RULES - Units: parameters in millimetres; Blender scene in metres (1 mm = 0.001). - Local frame of every asset: Z up, FRONT facing −Y, origin = bottom-centre of the footprint (floor items), back-centre on the wall plane (wall items), top-centre at the mount point (ceiling-hung items). Room-wide items (floors, wall skins, soffits, panel systems) are built directly in plan coordinates. - Quality: closed, manifold solids wherever the object is solid; consistent outward normals; no zero-area faces or loose vertices; no interpenetrating parts inside one asset; soft edges by real bevels / subdivision that you APPLY (no live modifiers left); scale applied (1,1,1); triangle budget ≈ 5–40k per furniture asset, ≤ 5k for small accessories. - Keep logical parts as separate named objects parented to the asset root (e.g. frame, cushion, top, legs, glass) so materials can be assigned later — but assign none. - UVs: add one UV map with a simple real-world box projection (1 UV unit = 1 m) so the mesh is ready for later texturing. Smooth shading with sharp edges marked above 30°. - Material words in item names (walnut, marble, velvet, brass…) identify the item only — ignore them for geometry. PLACEMENT RULES - Plan coordinates X, Y in mm on the first-floor plan (X east, Y north) → Blender X = X/1000, Y = Y/1000. - First-floor finished floor level FFL = +3.348 m. Z values are relative to FFL ("host" = snap onto the top of the object under that point). - Put the asset origin on the listed point, then rotate about Z by rot_z so the front faces the listed direction (S = 0°, E = 90°, N = 180°, W = 270°). - Items with several placements: build the mesh ONCE and place linked duplicates (shared mesh data). - Naming: asset root SM_FF_<CODE>_<NN> (e.g. SM_FF_UL_01_02); mesh data SM_FF_<FAMILY>_<CODE>. Collections: FF_Meshes › FF_<SpaceCode> (UL, VO, MB, MW, MT, B1, BW, BT, B2, B2T, LB, SB, ST, LL). - After placing, check bounding-box overlaps > 2 mm between new assets and with existing scene geometry; list them, do not move anything silently. REPORT AT THE END (table): code · built OK / failed · instances placed · triangle count · manifold yes/no · overlaps. Save a copy of the .blend as FF_<FAMILY>_meshes.blend (do not overwrite the open file). FAMILY GENERATOR — TABLE_DRUM Write a function build_table_drum(**params) that returns the asset root. Geometry recipe: Cylinder body Ø=L, H−top_t high (hollow shell 3 mm optional), top slab Ø=L × top_t with 2 mm bevel. Default parameters (mm): {"top_t": 20, "body": "walnut drum", "top_inset": 0, "H": 500} Host type: floor. ITEMS 1. UL-06 — Upper lounge — Walnut drum side tables ×2 Ø450 with marble tops size L×W×H: 450 × 450 × 500 mm | parameters: {"top_t": 20, "body": "drum", "top_inset": 0} placements: #01 X 5575 Y 5230 Z FFL+0; #02 X 5575 Y 7370 Z FFL+0 | front faces: any → rot_z 0° Build the generator, test it on the first item, then build and place all items in order. Ask me only if a placement point clearly falls outside the building.
A10: 9 | B10: CONSOLE | C10: TASK: Generate the console family — 2 item(s), meshes only. CONTEXT You are connected to a live Blender session. Generate MESH GEOMETRY ONLY for first-floor items, family by family, from first principles: write your own clean parametric Python generator for this family (one function, parameters in → mesh out) using bpy/bmesh. Do not use, import or look for any existing asset library or scripts. No materials, no material slots, no textures, no shaders, no lights. MESH RULES - Units: parameters in millimetres; Blender scene in metres (1 mm = 0.001). - Local frame of every asset: Z up, FRONT facing −Y, origin = bottom-centre of the footprint (floor items), back-centre on the wall plane (wall items), top-centre at the mount point (ceiling-hung items). Room-wide items (floors, wall skins, soffits, panel systems) are built directly in plan coordinates. - Quality: closed, manifold solids wherever the object is solid; consistent outward normals; no zero-area faces or loose vertices; no interpenetrating parts inside one asset; soft edges by real bevels / subdivision that you APPLY (no live modifiers left); scale applied (1,1,1); triangle budget ≈ 5–40k per furniture asset, ≤ 5k for small accessories. - Keep logical parts as separate named objects parented to the asset root (e.g. frame, cushion, top, legs, glass) so materials can be assigned later — but assign none. - UVs: add one UV map with a simple real-world box projection (1 UV unit = 1 m) so the mesh is ready for later texturing. Smooth shading with sharp edges marked above 30°. - Material words in item names (walnut, marble, velvet, brass…) identify the item only — ignore them for geometry. PLACEMENT RULES - Plan coordinates X, Y in mm on the first-floor plan (X east, Y north) → Blender X = X/1000, Y = Y/1000. - First-floor finished floor level FFL = +3.348 m. Z values are relative to FFL ("host" = snap onto the top of the object under that point). - Put the asset origin on the listed point, then rotate about Z by rot_z so the front faces the listed direction (S = 0°, E = 90°, N = 180°, W = 270°). - Items with several placements: build the mesh ONCE and place linked duplicates (shared mesh data). - Naming: asset root SM_FF_<CODE>_<NN> (e.g. SM_FF_UL_01_02); mesh data SM_FF_<FAMILY>_<CODE>. Collections: FF_Meshes › FF_<SpaceCode> (UL, VO, MB, MW, MT, B1, BW, BT, B2, B2T, LB, SB, ST, LL). - After placing, check bounding-box overlaps > 2 mm between new assets and with existing scene geometry; list them, do not move anything silently. REPORT AT THE END (table): code · built OK / failed · instances placed · triangle count · manifold yes/no · overlaps. Save a copy of the .blend as FF_<FAMILY>_meshes.blend (do not overwrite the open file). FAMILY GENERATOR — CONSOLE Write a function build_console(**params) that returns the asset root. Geometry recipe: Top slab L×W×top_t; two side panels (25 thick) or 4 slim legs; optional inlay = 6 mm wide groove strip flush in the top along its length (separate object 'inlay'); back 20 mm off the wall. Default parameters (mm): {"top_t": 40, "leg": "panel", "inlay": "brass 6 mm", "drawer_count": 0, "H": 800} Host type: floor. ITEMS 1. UL-03 — Upper lounge — Walnut console 1500×350 with solid-brass inlay size L×W×H: 1500 × 350 × 800 mm | parameters: {"top_t": 40, "leg": "panel", "inlay": "solid", "drawer_count": 0} placements: #01 X 8470 Y 8102 Z FFL+0 | front faces: any → rot_z 0° 2. LL-01 — Lift lobby (in upper lounge) — Slim walnut console 800×300 with brass legs beside the lift door size L×W×H: 800 × 300 × 800 mm | parameters: {"top_t": 40, "leg": "legs", "inlay": "6 mm", "drawer_count": 0} placements: #01 X 6020 Y 8127 Z FFL+0 | front faces: any → rot_z 0° fit note: in the 930 mm of wall between the lift and the vestibule door Build the generator, test it on the first item, then build and place all items in order. Ask me only if a placement point clearly falls outside the building.
A11: 10 | B11: BOOKSHELF_LOW | C11: TASK: Generate the bookshelf low family — 1 item(s), meshes only. CONTEXT You are connected to a live Blender session. Generate MESH GEOMETRY ONLY for first-floor items, family by family, from first principles: write your own clean parametric Python generator for this family (one function, parameters in → mesh out) using bpy/bmesh. Do not use, import or look for any existing asset library or scripts. No materials, no material slots, no textures, no shaders, no lights. MESH RULES - Units: parameters in millimetres; Blender scene in metres (1 mm = 0.001). - Local frame of every asset: Z up, FRONT facing −Y, origin = bottom-centre of the footprint (floor items), back-centre on the wall plane (wall items), top-centre at the mount point (ceiling-hung items). Room-wide items (floors, wall skins, soffits, panel systems) are built directly in plan coordinates. - Quality: closed, manifold solids wherever the object is solid; consistent outward normals; no zero-area faces or loose vertices; no interpenetrating parts inside one asset; soft edges by real bevels / subdivision that you APPLY (no live modifiers left); scale applied (1,1,1); triangle budget ≈ 5–40k per furniture asset, ≤ 5k for small accessories. - Keep logical parts as separate named objects parented to the asset root (e.g. frame, cushion, top, legs, glass) so materials can be assigned later — but assign none. - UVs: add one UV map with a simple real-world box projection (1 UV unit = 1 m) so the mesh is ready for later texturing. Smooth shading with sharp edges marked above 30°. - Material words in item names (walnut, marble, velvet, brass…) identify the item only — ignore them for geometry. PLACEMENT RULES - Plan coordinates X, Y in mm on the first-floor plan (X east, Y north) → Blender X = X/1000, Y = Y/1000. - First-floor finished floor level FFL = +3.348 m. Z values are relative to FFL ("host" = snap onto the top of the object under that point). - Put the asset origin on the listed point, then rotate about Z by rot_z so the front faces the listed direction (S = 0°, E = 90°, N = 180°, W = 270°). - Items with several placements: build the mesh ONCE and place linked duplicates (shared mesh data). - Naming: asset root SM_FF_<CODE>_<NN> (e.g. SM_FF_UL_01_02); mesh data SM_FF_<FAMILY>_<CODE>. Collections: FF_Meshes › FF_<SpaceCode> (UL, VO, MB, MW, MT, B1, BW, BT, B2, B2T, LB, SB, ST, LL). - After placing, check bounding-box overlaps > 2 mm between new assets and with existing scene geometry; list them, do not move anything silently. REPORT AT THE END (table): code · built OK / failed · instances placed · triangle count · manifold yes/no · overlaps. Save a copy of the .blend as FF_<FAMILY>_meshes.blend (do not overwrite the open file). FAMILY GENERATOR — BOOKSHELF_LOW Write a function build_bookshelf_low(**params) that returns the asset root. Geometry recipe: Open carcass L×W×H, 25 mm panels, recessed plinth 60; shelves every ~300 mm; bays ≈ bay_w with vertical dividers; end panels as a 20 mm frame with a 6 mm glass pane inset (separate part). Default parameters (mm): {"shelves": 2, "bay_w": 480, "end_panels": "bronze-framed glass", "plinth": 60, "H": 900} Host type: floor. ITEMS 1. UL-04 — Upper lounge — Low walnut bookshelf 1800×350 with bronze-framed glass ends size L×W×H: 1400 × 350 × 900 mm | parameters: {"shelves": 2, "bay_w": 480, "end_panels": "framed glass", "plinth": 60} placements: #01 X 8540 Y 4734 Z FFL+0 | front faces: any → rot_z 0° fit note: fitted at 1450 — full length of the solid wall Build the generator, test it on the first item, then build and place all items in order. Ask me only if a placement point clearly falls outside the building.
A12: 11 | B12: MEDIA_CONSOLE | C12: TASK: Generate the media console family — 2 item(s), meshes only. CONTEXT You are connected to a live Blender session. Generate MESH GEOMETRY ONLY for first-floor items, family by family, from first principles: write your own clean parametric Python generator for this family (one function, parameters in → mesh out) using bpy/bmesh. Do not use, import or look for any existing asset library or scripts. No materials, no material slots, no textures, no shaders, no lights. MESH RULES - Units: parameters in millimetres; Blender scene in metres (1 mm = 0.001). - Local frame of every asset: Z up, FRONT facing −Y, origin = bottom-centre of the footprint (floor items), back-centre on the wall plane (wall items), top-centre at the mount point (ceiling-hung items). Room-wide items (floors, wall skins, soffits, panel systems) are built directly in plan coordinates. - Quality: closed, manifold solids wherever the object is solid; consistent outward normals; no zero-area faces or loose vertices; no interpenetrating parts inside one asset; soft edges by real bevels / subdivision that you APPLY (no live modifiers left); scale applied (1,1,1); triangle budget ≈ 5–40k per furniture asset, ≤ 5k for small accessories. - Keep logical parts as separate named objects parented to the asset root (e.g. frame, cushion, top, legs, glass) so materials can be assigned later — but assign none. - UVs: add one UV map with a simple real-world box projection (1 UV unit = 1 m) so the mesh is ready for later texturing. Smooth shading with sharp edges marked above 30°. - Material words in item names (walnut, marble, velvet, brass…) identify the item only — ignore them for geometry. PLACEMENT RULES - Plan coordinates X, Y in mm on the first-floor plan (X east, Y north) → Blender X = X/1000, Y = Y/1000. - First-floor finished floor level FFL = +3.348 m. Z values are relative to FFL ("host" = snap onto the top of the object under that point). - Put the asset origin on the listed point, then rotate about Z by rot_z so the front faces the listed direction (S = 0°, E = 90°, N = 180°, W = 270°). - Items with several placements: build the mesh ONCE and place linked duplicates (shared mesh data). - Naming: asset root SM_FF_<CODE>_<NN> (e.g. SM_FF_UL_01_02); mesh data SM_FF_<FAMILY>_<CODE>. Collections: FF_Meshes › FF_<SpaceCode> (UL, VO, MB, MW, MT, B1, BW, BT, B2, B2T, LB, SB, ST, LL). - After placing, check bounding-box overlaps > 2 mm between new assets and with existing scene geometry; list them, do not move anything silently. REPORT AT THE END (table): code · built OK / failed · instances placed · triangle count · manifold yes/no · overlaps. Save a copy of the .blend as FF_<FAMILY>_meshes.blend (do not overwrite the open file). FAMILY GENERATOR — MEDIA_CONSOLE Write a function build_media_console(**params) that returns the asset root. Geometry recipe: Low cabinet L×W×H with flush door fronts (3 mm gaps); floating = 150 mm off the floor on a recessed back rail; TV = black slab 16:9 (tv_size_in diagonal) × 30 mm, recessed tv_recess_depth into the host panel (separate object 'tv'). Default parameters (mm): {"type": "floating", "fronts": "flush", "tv_size_in": 75, "tv_recess_depth": 60, "H": 450} Host type: floor. ITEMS 1. MB-05 — Master bedroom — TV recessed in the fluted walnut panel above a walnut console 1600×400 size L×W×H: 1600 × 400 × 500 mm | parameters: {"type": "floating", "fronts": "flush", "tv_size_in": 75, "tv_recess_depth": 60} placements: #01 X 430 Y 5783 Z FFL+0 | front faces: E → rot_z 90° 2. B1-06 — Bedroom-1 — TV set into the walnut slat wall above a slim console size L×W×H: 1500 × 350 × 450 mm | parameters: {"type": "floating", "fronts": "flush", "tv_size_in": 65, "tv_recess_depth": 60} placements: #01 X 9350 Y 4170 Z FFL+0 | front faces: S → rot_z 0° Build the generator, test it on the first item, then build and place all items in order. Ask me only if a placement point clearly falls outside the building.
A13: 12 | B13: DESK | C13: TASK: Generate the desk family — 2 item(s), meshes only. CONTEXT You are connected to a live Blender session. Generate MESH GEOMETRY ONLY for first-floor items, family by family, from first principles: write your own clean parametric Python generator for this family (one function, parameters in → mesh out) using bpy/bmesh. Do not use, import or look for any existing asset library or scripts. No materials, no material slots, no textures, no shaders, no lights. MESH RULES - Units: parameters in millimetres; Blender scene in metres (1 mm = 0.001). - Local frame of every asset: Z up, FRONT facing −Y, origin = bottom-centre of the footprint (floor items), back-centre on the wall plane (wall items), top-centre at the mount point (ceiling-hung items). Room-wide items (floors, wall skins, soffits, panel systems) are built directly in plan coordinates. - Quality: closed, manifold solids wherever the object is solid; consistent outward normals; no zero-area faces or loose vertices; no interpenetrating parts inside one asset; soft edges by real bevels / subdivision that you APPLY (no live modifiers left); scale applied (1,1,1); triangle budget ≈ 5–40k per furniture asset, ≤ 5k for small accessories. - Keep logical parts as separate named objects parented to the asset root (e.g. frame, cushion, top, legs, glass) so materials can be assigned later — but assign none. - UVs: add one UV map with a simple real-world box projection (1 UV unit = 1 m) so the mesh is ready for later texturing. Smooth shading with sharp edges marked above 30°. - Material words in item names (walnut, marble, velvet, brass…) identify the item only — ignore them for geometry. PLACEMENT RULES - Plan coordinates X, Y in mm on the first-floor plan (X east, Y north) → Blender X = X/1000, Y = Y/1000. - First-floor finished floor level FFL = +3.348 m. Z values are relative to FFL ("host" = snap onto the top of the object under that point). - Put the asset origin on the listed point, then rotate about Z by rot_z so the front faces the listed direction (S = 0°, E = 90°, N = 180°, W = 270°). - Items with several placements: build the mesh ONCE and place linked duplicates (shared mesh data). - Naming: asset root SM_FF_<CODE>_<NN> (e.g. SM_FF_UL_01_02); mesh data SM_FF_<FAMILY>_<CODE>. Collections: FF_Meshes › FF_<SpaceCode> (UL, VO, MB, MW, MT, B1, BW, BT, B2, B2T, LB, SB, ST, LL). - After placing, check bounding-box overlaps > 2 mm between new assets and with existing scene geometry; list them, do not move anything silently. REPORT AT THE END (table): code · built OK / failed · instances placed · triangle count · manifold yes/no · overlaps. Save a copy of the .blend as FF_<FAMILY>_meshes.blend (do not overwrite the open file). FAMILY GENERATOR — DESK Write a function build_desk(**params) that returns the asset root. Geometry recipe: Top L×W×top_t with a 10 mm border around a 3 mm inset panel (leather inset as its own face set); carcass with one pencil drawer (3 mm gaps); two panel legs 30 thick with 20 mm metal shoes. Default parameters (mm): {"top_t": 30, "leather_inset": true, "drawer_count": 1, "leg": "panel + brass shoe", "H": 750} Host type: floor. ITEMS 1. MB-06 — Master bedroom — Leather-top walnut writing desk 1000×500 with bouclé chair size L×W×H: 1000 × 500 × 750 mm | parameters: {"top_t": 30, "leather_inset": true, "drawer_count": 1, "leg": "panel + shoe"} placements: #01 X 2800 Y 4045 Z FFL+0 | front faces: S → rot_z 0° fit note: chair clear of the bed and WIW door swing 2. B2-04 — Bedroom-2 (+ vestibule) — Leather-top oak writing desk with bouclé chair size L×W×H: 1100 × 500 × 750 mm | parameters: {"top_t": 30, "leather_inset": true, "drawer_count": 1, "leg": "panel + shoe"} placements: #01 X 7885 Y 10850 Z FFL+0 | front faces: E → rot_z 90° fit note: with bouclé chair (circle) Build the generator, test it on the first item, then build and place all items in order. Ask me only if a placement point clearly falls outside the building.
... A60: 59 | B60: SOFT_SET | C60: TASK: Generate the soft set family — 12 item(s), meshes only. CONTEXT You are connected to a live Blender session. Generate MESH GEOMETRY ONLY for first-floor items, family by family, from first principles: write your own clean parametric Python generator for this family (one function, parameters in → mesh out) using bpy/bmesh. Do not use, import or look for any existing asset library or scripts. No materials, no material slots, no textures, no shaders, no lights. MESH RULES - Units: parameters in millimetres; Blender scene in metres (1 mm = 0.001). - Local frame of every asset: Z up, FRONT facing −Y, origin = bottom-centre of the footprint (floor items), back-centre on the wall plane (wall items), top-centre at the mount point (ceiling-hung items). Room-wide items (floors, wall skins, soffits, panel systems) are built directly in plan coordinates. - Quality: closed, manifold solids wherever the object is solid; consistent outward normals; no zero-area faces or loose vertices; no interpenetrating parts inside one asset; soft edges by real bevels / subdivision that you APPLY (no live modifiers left); scale applied (1,1,1); triangle budget ≈ 5–40k per furniture asset, ≤ 5k for small accessories. - Keep logical parts as separate named objects parented to the asset root (e.g. frame, cushion, top, legs, glass) so materials can be assigned later — but assign none. - UVs: add one UV map with a simple real-world box projection (1 UV unit = 1 m) so the mesh is ready for later texturing. Smooth shading with sharp edges marked above 30°. - Material words in item names (walnut, marble, velvet, brass…) identify the item only — ignore them for geometry. PLACEMENT RULES - Plan coordinates X, Y in mm on the first-floor plan (X east, Y north) → Blender X = X/1000, Y = Y/1000. - First-floor finished floor level FFL = +3.348 m. Z values are relative to FFL ("host" = snap onto the top of the object under that point). - Put the asset origin on the listed point, then rotate about Z by rot_z so the front faces the listed direction (S = 0°, E = 90°, N = 180°, W = 270°). - Items with several placements: build the mesh ONCE and place linked duplicates (shared mesh data). - Naming: asset root SM_FF_<CODE>_<NN> (e.g. SM_FF_UL_01_02); mesh data SM_FF_<FAMILY>_<CODE>. Collections: FF_Meshes › FF_<SpaceCode> (UL, VO, MB, MW, MT, B1, BW, BT, B2, B2T, LB, SB, ST, LL). - After placing, check bounding-box overlaps > 2 mm between new assets and with existing scene geometry; list them, do not move anything silently. REPORT AT THE END (table): code · built OK / failed · instances placed · triangle count · manifold yes/no · overlaps. Save a copy of the .blend as FF_<FAMILY>_meshes.blend (do not overwrite the open file). FAMILY GENERATOR — SOFT_SET Write a function build_soft_set(**params) that returns the asset root. Geometry recipe: Soft items on their host: cushions (square 500×500×170 with puffed faces and piping), bolster (cylinder Ø220 × 450), folded throw / bed runner (4 stacked folded layers with rounded edges), rolled towels (spiral cylinders), folded towels (3 layers). Default parameters (mm): {"items": "auto", "H": 150} Host type: host. ITEMS 1. UL-27 — Upper lounge — Velvet cushions in charcoal and pale grey size L×W×H: 250 × 250 × 150 mm | parameters: {"items": "cushion"} placements: #01 X 5400 Y 6200 Z host | front faces: any → rot_z 0° 2. UL-28 — Upper lounge — Bouclé throw size L×W×H: 250 × 250 × 150 mm | parameters: {"items": "throw"} placements: #01 X 5400 Y 6900 Z host | front faces: any → rot_z 0° 3. MB-27 — Master bedroom — Cushion set, bed runner, olive throw size L×W×H: 250 × 250 × 150 mm | parameters: {"items": "cushion + throw + runner"} placements: #01 X 3000 Y 5783 Z host | front faces: any → rot_z 0° 4. MT-12 — Master toilet — Rolled towels size L×W×H: 250 × 250 × 150 mm | parameters: {"items": "towels + towel"} placements: #01 X 3720 Y 1150 Z host | front faces: any → rot_z 0° 5. MT-23 — Master toilet — Egyptian-cotton towels in plum and ivory size L×W×H: 250 × 250 × 150 mm | parameters: {"items": "towels + towel"} placements: #01 X 2450 Y 700 Z host | front faces: any → rot_z 0° 6. B1-24 — Bedroom-1 — Cushions and throw size L×W×H: 250 × 250 × 150 mm | parameters: {"items": "cushion + throw"} placements: #01 X 9348 Y 800 Z host | front faces: any → rot_z 0° 7. BT-16 — Bedroom-1 toilet — Egyptian-cotton towels size L×W×H: 250 × 250 × 150 mm | parameters: {"items": "towels + towel"} placements: #01 X 11100 Y 1650 Z host | front faces: any → rot_z 0° 8. B2-22 — Bedroom-2 (+ vestibule) — Cushions and throw size L×W×H: 250 × 250 × 150 mm | parameters: {"items": "cushion + throw"} placements: #01 X 9410 Y 8900 Z host | front faces: any → rot_z 0° 9. B2T-11 — Bedroom-2 toilet — Rolled towels size L×W×H: 250 × 250 × 150 mm | parameters: {"items": "towels + towel"} placements: #01 X 5500 Y 10496 Z host | front faces: any → rot_z 0° 10. B2T-20 — Bedroom-2 toilet — Egyptian-cotton towels size L×W×H: 250 × 250 × 150 mm | parameters: {"items": "towels + towel"} placements: #01 X 6200 Y 10450 Z host | front faces: any → rot_z 0° 11. LB-21 — Large balcony — Outdoor throws size L×W×H: 250 × 250 × 150 mm | parameters: {"items": "throw"} placements: #01 X 1300 Y 9900 Z host | front faces: any → rot_z 0° 12. SB-13 — Small balcony — Outdoor cushions and throw size L×W×H: 250 × 250 × 150 mm | parameters: {"items": "cushion + throw"} placements: #01 X 12200 Y 9600 Z host | front faces: any → rot_z 0° Build the generator, test it on the first item, then build and place all items in order. Ask me only if a placement point clearly falls outside the building.

Sheet Rooms
A1: Space_Code | B1: Space | C1: X0_mm | D1: Y0_mm | E1: X1_mm | F1: Y1_mm
A2: UL | B2: Upper lounge | C2: 4238 | D2: 4559 | E2: 9287 | F2: 8277
A3: VO | B3: Void over GF lounge | C3: 9287 | D3: 4559 | E3: 13005 | F3: 8277
A4: MB | B4: Master bedroom | C4: 230 | D4: 3795 | E4: 4040 | F4: 8277
A5: MW | B5: Master walk-in wardrobe | C5: 230 | D5: 230 | E5: 2264 | F5: 3687
A6: MT | B6: Master toilet | C6: 2356 | D6: 230 | E6: 4040 | F6: 3687
A7: B1 | B7: Bedroom-1 | C7: 6610 | D7: 230 | E7: 10925 | F7: 4345
A8: BW | B8: Bedroom-1 walk-in wardrobe | C8: 10925 | D8: 2632 | E8: 13005 | F8: 4345
A9: BT | B9: Bedroom-1 toilet | C9: 11000 | D9: 230 | E9: 13005 | F9: 2632
A10: B2 | B10: Bedroom-2 (+ vestibule) | C10: 7635 | D10: 8507 | E10: 11521 | F10: 12240
A11: B2T | B11: Bedroom-2 toilet | C11: 4238 | D11: 10251 | E11: 7558 | F11: 12240
A12: LB | B12: Large balcony | C12: 230 | D12: 8507 | E12: 4040 | F12: 12240
A13: SB | B13: Small balcony | C13: 11750 | D13: 8507 | E13: 13005 | F13: 12240
... A15: LL | B15: Lift lobby (in upper lounge) | C15: 4300 | D15: 7000 | E15: 6600 | F15: 10052
